user_id,intake_type,stage,timestamp,time_spent_seconds
1,13614c,visited,2026-04-12T01:25:29.479Z,110
1,13614c,started,2026-04-12T01:25:49.118Z,123
1,13614c,personal_info,2026-04-12T01:26:34.043Z,7
1,13614c,document_upload,2026-04-12T01:27:22.980Z,19
2,itin,visited,2026-04-12T01:25:29.487Z,86
3,itin,visited,2026-04-12T01:25:29.487Z,54
3,itin,started,2026-04-12T01:26:09.489Z,145
3,itin,personal_info,2026-04-12T01:26:17.495Z,148
3,itin,document_upload,2026-04-12T01:27:14.718Z,86
3,itin,review,2026-04-12T01:28:01.238Z,132
3,itin,completed,2026-04-12T01:28:15.596Z,167
4,itin,visited,2026-04-12T01:25:29.487Z,179
4,itin,started,2026-04-12T01:26:18.316Z,65
4,itin,personal_info,2026-04-12T01:26:28.054Z,159
5,itin,visited,2026-04-12T01:25:29.487Z,173
5,itin,started,2026-04-12T01:26:17.732Z,54
5,itin,personal_info,2026-04-12T01:26:36.629Z,195
5,itin,document_upload,2026-04-12T01:26:58.195Z,5
5,itin,review,2026-04-12T01:27:02.739Z,177
5,itin,completed,2026-04-12T01:27:13.765Z,172
6,13614c,visited,2026-04-12T01:25:29.487Z,31
6,13614c,started,2026-04-12T01:25:35.757Z,123
6,13614c,personal_info,2026-04-12T01:26:20.174Z,190
7,itin,visited,2026-04-12T01:25:29.487Z,67
7,itin,started,2026-04-12T01:25:35.675Z,160
7,itin,personal_info,2026-04-12T01:25:40.908Z,50
7,itin,document_upload,2026-04-12T01:26:40.650Z,19
8,itin,visited,2026-04-12T01:25:29.487Z,189
8,itin,started,2026-04-12T01:25:50.576Z,90
9,13614c,visited,2026-04-12T01:25:29.487Z,102
10,13614c,visited,2026-04-12T01:25:29.487Z,16
11,13614c,visited,2026-04-12T01:25:29.487Z,91
11,13614c,started,2026-04-12T01:26:05.310Z,101
11,13614c,personal_info,2026-04-12T01:26:06.041Z,1
11,13614c,document_upload,2026-04-12T01:27:01.911Z,8
11,13614c,review,2026-04-12T01:27:34.349Z,69
12,13614c,visited,2026-04-12T01:25:29.487Z,57
12,13614c,started,2026-04-12T01:26:12.362Z,169
13,13614c,visited,2026-04-12T01:25:29.487Z,168
13,13614c,started,2026-04-12T01:26:25.518Z,154
13,13614c,personal_info,2026-04-12T01:27:19.777Z,170
13,13614c,document_upload,2026-04-12T01:28:10.954Z,162
13,13614c,review,2026-04-12T01:28:57.712Z,31
13,13614c,completed,2026-04-12T01:29:10.037Z,176
14,itin,visited,2026-04-12T01:25:29.487Z,192
14,itin,started,2026-04-12T01:25:45.649Z,124
14,itin,personal_info,2026-04-12T01:25:54.984Z,136
14,itin,document_upload,2026-04-12T01:26:17.193Z,12
15,itin,visited,2026-04-12T01:25:29.487Z,59
16,itin,visited,2026-04-12T01:25:29.487Z,15
17,13614c,visited,2026-04-12T01:25:29.487Z,178
17,13614c,started,2026-04-12T01:25:36.415Z,97
18,itin,visited,2026-04-12T01:25:29.487Z,173
18,itin,started,2026-04-12T01:25:54.506Z,54
19,itin,visited,2026-04-12T01:25:29.487Z,172
19,itin,started,2026-04-12T01:25:29.488Z,159
19,itin,personal_info,2026-04-12T01:26:03.105Z,40
20,itin,visited,2026-04-12T01:25:29.487Z,123
20,itin,started,2026-04-12T01:26:19.996Z,44
21,itin,visited,2026-04-12T01:25:29.487Z,117
21,itin,started,2026-04-12T01:26:07.468Z,130
21,itin,personal_info,2026-04-12T01:26:20.052Z,90
22,itin,visited,2026-04-12T01:25:29.487Z,168
22,itin,started,2026-04-12T01:26:01.247Z,104
22,itin,personal_info,2026-04-12T01:26:16.846Z,54
22,itin,document_upload,2026-04-12T01:26:27.845Z,107
22,itin,review,2026-04-12T01:27:12.655Z,132
22,itin,completed,2026-04-12T01:27:31.282Z,166
23,13614c,visited,2026-04-12T01:25:29.487Z,171
23,13614c,started,2026-04-12T01:26:01.547Z,139
23,13614c,personal_info,2026-04-12T01:26:28.114Z,161
23,13614c,document_upload,2026-04-12T01:26:42.467Z,115
23,13614c,review,2026-04-12T01:26:43.123Z,25
24,itin,visited,2026-04-12T01:25:29.487Z,16
24,itin,started,2026-04-12T01:26:15.477Z,114
24,itin,personal_info,2026-04-12T01:26:53.750Z,179
25,13614c,visited,2026-04-12T01:25:29.487Z,17
25,13614c,started,2026-04-12T01:26:01.539Z,195
25,13614c,personal_info,2026-04-12T01:26:08.926Z,53
25,13614c,document_upload,2026-04-12T01:26:14.569Z,169
26,13614c,visited,2026-04-12T01:25:29.487Z,151
26,13614c,started,2026-04-12T01:25:43.876Z,179
26,13614c,personal_info,2026-04-12T01:26:38.543Z,170
26,13614c,document_upload,2026-04-12T01:27:01.506Z,19
26,13614c,review,2026-04-12T01:27:31.950Z,32
27,itin,visited,2026-04-12T01:25:29.487Z,144
27,itin,started,2026-04-12T01:26:01.900Z,174
27,itin,personal_info,2026-04-12T01:26:41.508Z,84
27,itin,document_upload,2026-04-12T01:26:42.069Z,113
27,itin,review,2026-04-12T01:27:19.347Z,106
27,itin,completed,2026-04-12T01:27:56.512Z,117
28,itin,visited,2026-04-12T01:25:29.487Z,112
29,itin,visited,2026-04-12T01:25:29.487Z,183
30,itin,visited,2026-04-12T01:25:29.487Z,194
30,itin,started,2026-04-12T01:25:37.875Z,9
30,itin,personal_info,2026-04-12T01:26:27.724Z,154
30,itin,document_upload,2026-04-12T01:26:39.192Z,97
31,itin,visited,2026-04-12T01:25:29.487Z,38
31,itin,started,2026-04-12T01:25:54.014Z,126
31,itin,personal_info,2026-04-12T01:26:15.138Z,28
31,itin,document_upload,2026-04-12T01:26:19.999Z,154
32,13614c,visited,2026-04-12T01:25:29.487Z,27
33,13614c,visited,2026-04-12T01:25:29.487Z,18
33,13614c,started,2026-04-12T01:25:29.811Z,172
33,13614c,personal_info,2026-04-12T01:26:22.055Z,158
34,itin,visited,2026-04-12T01:25:29.487Z,106
34,itin,started,2026-04-12T01:26:15.943Z,142
34,itin,personal_info,2026-04-12T01:26:59.594Z,190
34,itin,document_upload,2026-04-12T01:27:40.198Z,3
35,13614c,visited,2026-04-12T01:25:29.488Z,47
35,13614c,started,2026-04-12T01:26:02.620Z,126
35,13614c,personal_info,2026-04-12T01:26:23.563Z,136
35,13614c,document_upload,2026-04-12T01:26:40.602Z,94
35,13614c,review,2026-04-12T01:27:36.798Z,41
36,itin,visited,2026-04-12T01:25:29.488Z,117
36,itin,started,2026-04-12T01:26:28.342Z,151
36,itin,personal_info,2026-04-12T01:26:48.088Z,94
36,itin,document_upload,2026-04-12T01:27:39.142Z,180
37,itin,visited,2026-04-12T01:25:29.488Z,73
37,itin,started,2026-04-12T01:26:14.062Z,2
37,itin,personal_info,2026-04-12T01:27:06.070Z,108
37,itin,document_upload,2026-04-12T01:27:07.804Z,10
37,itin,review,2026-04-12T01:28:01.994Z,122
37,itin,completed,2026-04-12T01:28:13.343Z,83
38,13614c,visited,2026-04-12T01:25:29.488Z,97
38,13614c,started,2026-04-12T01:26:15.034Z,1
38,13614c,personal_info,2026-04-12T01:26:52.326Z,75
39,itin,visited,2026-04-12T01:25:29.488Z,13
39,itin,started,2026-04-12T01:26:07.984Z,38
40,itin,visited,2026-04-12T01:25:29.488Z,55
40,itin,started,2026-04-12T01:25:50.309Z,82
40,itin,personal_info,2026-04-12T01:26:21.011Z,41
41,itin,visited,2026-04-12T01:25:29.488Z,180
41,itin,started,2026-04-12T01:26:29.339Z,97
41,itin,personal_info,2026-04-12T01:26:52.788Z,151
41,itin,document_upload,2026-04-12T01:27:23.545Z,113
41,itin,review,2026-04-12T01:27:36.683Z,144
41,itin,completed,2026-04-12T01:28:21.779Z,180
42,itin,visited,2026-04-12T01:25:29.488Z,153
42,itin,started,2026-04-12T01:26:19.203Z,132
42,itin,personal_info,2026-04-12T01:26:52.900Z,72
43,itin,visited,2026-04-12T01:25:29.488Z,109
43,itin,started,2026-04-12T01:26:17.330Z,148
44,13614c,visited,2026-04-12T01:25:29.488Z,82
45,13614c,visited,2026-04-12T01:25:29.488Z,160
46,itin,visited,2026-04-12T01:25:29.488Z,101
46,itin,started,2026-04-12T01:26:11.305Z,102
46,itin,personal_info,2026-04-12T01:26:46.396Z,140
46,itin,document_upload,2026-04-12T01:27:38.602Z,126
46,itin,review,2026-04-12T01:28:19.748Z,163
46,itin,completed,2026-04-12T01:28:50.987Z,112
47,13614c,visited,2026-04-12T01:25:29.488Z,82
47,13614c,started,2026-04-12T01:26:19.287Z,165
47,13614c,personal_info,2026-04-12T01:26:28.560Z,109
47,13614c,document_upload,2026-04-12T01:27:24.981Z,72
47,13614c,review,2026-04-12T01:28:12.811Z,95
48,itin,visited,2026-04-12T01:25:29.488Z,168
48,itin,started,2026-04-12T01:25:52.275Z,25
48,itin,personal_info,2026-04-12T01:26:06.678Z,97
48,itin,document_upload,2026-04-12T01:26:47.023Z,161
48,itin,review,2026-04-12T01:27:36.532Z,155
48,itin,completed,2026-04-12T01:28:26.097Z,118
49,itin,visited,2026-04-12T01:25:29.488Z,80
49,itin,started,2026-04-12T01:26:15.029Z,188
49,itin,personal_info,2026-04-12T01:27:03.852Z,190
49,itin,document_upload,2026-04-12T01:27:39.144Z,134
49,itin,review,2026-04-12T01:27:47.970Z,39
50,13614c,visited,2026-04-12T01:25:29.488Z,2
50,13614c,started,2026-04-12T01:25:45.202Z,189
50,13614c,personal_info,2026-04-12T01:25:47.974Z,3
50,13614c,document_upload,2026-04-12T01:26:34.318Z,137
51,13614c,visited,2026-04-12T01:25:29.488Z,23
51,13614c,started,2026-04-12T01:26:23.800Z,175
51,13614c,personal_info,2026-04-12T01:27:11.134Z,11
51,13614c,document_upload,2026-04-12T01:27:39.463Z,14
51,13614c,review,2026-04-12T01:27:42.557Z,152
52,itin,visited,2026-04-12T01:25:29.488Z,141
52,itin,started,2026-04-12T01:26:18.521Z,76
52,itin,personal_info,2026-04-12T01:26:18.803Z,141
53,itin,visited,2026-04-12T01:25:29.488Z,51
53,itin,started,2026-04-12T01:25:33.832Z,166
53,itin,personal_info,2026-04-12T01:25:53.359Z,199
53,itin,document_upload,2026-04-12T01:26:10.758Z,91
53,itin,review,2026-04-12T01:26:44.481Z,150
54,13614c,visited,2026-04-12T01:25:29.488Z,110
54,13614c,started,2026-04-12T01:26:21.024Z,159
54,13614c,personal_info,2026-04-12T01:27:07.325Z,104
54,13614c,document_upload,2026-04-12T01:27:57.089Z,110
55,13614c,visited,2026-04-12T01:25:29.488Z,48
55,13614c,started,2026-04-12T01:26:28.351Z,73
55,13614c,personal_info,2026-04-12T01:27:10.825Z,174
56,13614c,visited,2026-04-12T01:25:29.488Z,81
57,13614c,visited,2026-04-12T01:25:29.488Z,15
57,13614c,started,2026-04-12T01:25:52.663Z,141
57,13614c,personal_info,2026-04-12T01:26:27.868Z,179
57,13614c,document_upload,2026-04-12T01:26:33.647Z,86
58,13614c,visited,2026-04-12T01:25:29.488Z,129
58,13614c,started,2026-04-12T01:26:05.400Z,128
58,13614c,personal_info,2026-04-12T01:27:03.822Z,139
58,13614c,document_upload,2026-04-12T01:27:26.664Z,55
59,13614c,visited,2026-04-12T01:25:29.488Z,194
59,13614c,started,2026-04-12T01:25:54.889Z,17
59,13614c,personal_info,2026-04-12T01:26:05.981Z,158
59,13614c,document_upload,2026-04-12T01:26:37.565Z,86
59,13614c,review,2026-04-12T01:26:40.301Z,61
59,13614c,completed,2026-04-12T01:27:09.065Z,184
60,13614c,visited,2026-04-12T01:25:29.488Z,40
60,13614c,started,2026-04-12T01:26:27.081Z,157
60,13614c,personal_info,2026-04-12T01:26:45.138Z,194
61,itin,visited,2026-04-12T01:25:29.488Z,162
61,itin,started,2026-04-12T01:25:56.087Z,187
61,itin,personal_info,2026-04-12T01:26:08.608Z,137
61,itin,document_upload,2026-04-12T01:26:51.822Z,18
61,itin,review,2026-04-12T01:27:37.875Z,183
62,itin,visited,2026-04-12T01:25:29.488Z,154
62,itin,started,2026-04-12T01:25:29.929Z,98
62,itin,personal_info,2026-04-12T01:26:28.817Z,101
62,itin,document_upload,2026-04-12T01:27:20.504Z,144
62,itin,review,2026-04-12T01:27:21.214Z,102
63,13614c,visited,2026-04-12T01:25:29.488Z,185
63,13614c,started,2026-04-12T01:25:38.245Z,93
63,13614c,personal_info,2026-04-12T01:26:27.956Z,122
64,itin,visited,2026-04-12T01:25:29.488Z,91
64,itin,started,2026-04-12T01:25:39.076Z,116
64,itin,personal_info,2026-04-12T01:25:45.829Z,69
64,itin,document_upload,2026-04-12T01:26:03.975Z,166
64,itin,review,2026-04-12T01:26:22.476Z,67
64,itin,completed,2026-04-12T01:26:23.092Z,128
65,itin,visited,2026-04-12T01:25:29.488Z,163
65,itin,started,2026-04-12T01:25:36.650Z,86
65,itin,personal_info,2026-04-12T01:25:41.663Z,23
66,itin,visited,2026-04-12T01:25:29.488Z,10
66,itin,started,2026-04-12T01:25:58.433Z,59
66,itin,personal_info,2026-04-12T01:26:27.963Z,53
66,itin,document_upload,2026-04-12T01:27:13.770Z,120
66,itin,review,2026-04-12T01:27:34.101Z,74
66,itin,completed,2026-04-12T01:28:33.028Z,17
67,13614c,visited,2026-04-12T01:25:29.488Z,97
67,13614c,started,2026-04-12T01:25:40.892Z,54
67,13614c,personal_info,2026-04-12T01:25:43.081Z,197
67,13614c,document_upload,2026-04-12T01:26:16.083Z,85
67,13614c,review,2026-04-12T01:26:48.474Z,197
68,13614c,visited,2026-04-12T01:25:29.488Z,4
68,13614c,started,2026-04-12T01:25:50.055Z,70
69,itin,visited,2026-04-12T01:25:29.488Z,155
69,itin,started,2026-04-12T01:25:38.757Z,12
69,itin,personal_info,2026-04-12T01:26:11.506Z,59
70,itin,visited,2026-04-12T01:25:29.488Z,8
71,itin,visited,2026-04-12T01:25:29.488Z,41
71,itin,started,2026-04-12T01:26:07.781Z,87
71,itin,personal_info,2026-04-12T01:26:27.461Z,140
71,itin,document_upload,2026-04-12T01:27:15.626Z,11
72,13614c,visited,2026-04-12T01:25:29.488Z,119
72,13614c,started,2026-04-12T01:26:28.623Z,47
73,13614c,visited,2026-04-12T01:25:29.488Z,172
74,itin,visited,2026-04-12T01:25:29.488Z,29
74,itin,started,2026-04-12T01:26:04.433Z,170
74,itin,personal_info,2026-04-12T01:26:57.264Z,64
74,itin,document_upload,2026-04-12T01:27:05.458Z,68
75,13614c,visited,2026-04-12T01:25:29.488Z,198
75,13614c,started,2026-04-12T01:25:42.180Z,67
75,13614c,personal_info,2026-04-12T01:26:33.186Z,144
76,13614c,visited,2026-04-12T01:25:29.488Z,101
76,13614c,started,2026-04-12T01:26:25.266Z,155
76,13614c,personal_info,2026-04-12T01:26:54.160Z,68
76,13614c,document_upload,2026-04-12T01:27:47.887Z,160
76,13614c,review,2026-04-12T01:27:57.803Z,21
76,13614c,completed,2026-04-12T01:28:14.980Z,183
77,13614c,visited,2026-04-12T01:25:29.488Z,121
77,13614c,started,2026-04-12T01:25:45.822Z,33
77,13614c,personal_info,2026-04-12T01:26:38.233Z,130
77,13614c,document_upload,2026-04-12T01:26:50.200Z,195
77,13614c,review,2026-04-12T01:26:51.116Z,22
77,13614c,completed,2026-04-12T01:26:59.829Z,57
78,itin,visited,2026-04-12T01:25:29.488Z,178
78,itin,started,2026-04-12T01:26:17.274Z,33
78,itin,personal_info,2026-04-12T01:26:20.216Z,124
78,itin,document_upload,2026-04-12T01:26:57.033Z,7
79,itin,visited,2026-04-12T01:25:29.488Z,71
79,itin,started,2026-04-12T01:25:39.293Z,183
79,itin,personal_info,2026-04-12T01:26:10.751Z,81
79,itin,document_upload,2026-04-12T01:26:34.587Z,177
79,itin,review,2026-04-12T01:26:59.633Z,86
80,13614c,visited,2026-04-12T01:25:29.488Z,23
80,13614c,started,2026-04-12T01:26:13.812Z,164
80,13614c,personal_info,2026-04-12T01:26:20.401Z,161
80,13614c,document_upload,2026-04-12T01:26:49.609Z,184
81,13614c,visited,2026-04-12T01:25:29.488Z,82
81,13614c,started,2026-04-12T01:26:29.093Z,196
81,13614c,personal_info,2026-04-12T01:27:03.043Z,174
81,13614c,document_upload,2026-04-12T01:27:53.399Z,99
82,13614c,visited,2026-04-12T01:25:29.488Z,3
82,13614c,started,2026-04-12T01:26:21.673Z,198
82,13614c,personal_info,2026-04-12T01:27:12.871Z,56
83,13614c,visited,2026-04-12T01:25:29.488Z,44
83,13614c,started,2026-04-12T01:26:25.936Z,65
83,13614c,personal_info,2026-04-12T01:27:16.511Z,124
83,13614c,document_upload,2026-04-12T01:27:38.277Z,168
83,13614c,review,2026-04-12T01:27:56.836Z,109
83,13614c,completed,2026-04-12T01:28:34.363Z,30
84,13614c,visited,2026-04-12T01:25:29.488Z,18
85,13614c,visited,2026-04-12T01:25:29.488Z,168
86,itin,visited,2026-04-12T01:25:29.488Z,31
86,itin,started,2026-04-12T01:25:54.242Z,180
86,itin,personal_info,2026-04-12T01:26:15.481Z,138
86,itin,document_upload,2026-04-12T01:26:49.728Z,96
86,itin,review,2026-04-12T01:27:26.715Z,199
87,13614c,visited,2026-04-12T01:25:29.488Z,121
88,13614c,visited,2026-04-12T01:25:29.488Z,27
88,13614c,started,2026-04-12T01:25:52.614Z,43
88,13614c,personal_info,2026-04-12T01:25:52.893Z,97
88,13614c,document_upload,2026-04-12T01:25:59.023Z,113
89,itin,visited,2026-04-12T01:25:29.488Z,106
89,itin,started,2026-04-12T01:26:12.624Z,152
89,itin,personal_info,2026-04-12T01:26:17.194Z,156
89,itin,document_upload,2026-04-12T01:26:46.616Z,148
89,itin,review,2026-04-12T01:27:23.933Z,192
89,itin,completed,2026-04-12T01:27:24.354Z,126
90,itin,visited,2026-04-12T01:25:29.488Z,102
90,itin,started,2026-04-12T01:26:21.511Z,43
90,itin,personal_info,2026-04-12T01:27:08.399Z,111
91,itin,visited,2026-04-12T01:25:29.488Z,83
91,itin,started,2026-04-12T01:25:37.823Z,172
91,itin,personal_info,2026-04-12T01:26:37.572Z,11
91,itin,document_upload,2026-04-12T01:26:48.312Z,134
92,itin,visited,2026-04-12T01:25:29.488Z,56
92,itin,started,2026-04-12T01:26:00.040Z,145
93,13614c,visited,2026-04-12T01:25:29.488Z,13
93,13614c,started,2026-04-12T01:25:31.121Z,8
93,13614c,personal_info,2026-04-12T01:26:13.484Z,64
93,13614c,document_upload,2026-04-12T01:26:22.562Z,136
93,13614c,review,2026-04-12T01:27:00.926Z,187
93,13614c,completed,2026-04-12T01:27:07.235Z,150
94,13614c,visited,2026-04-12T01:25:29.488Z,122
94,13614c,started,2026-04-12T01:25:48.341Z,158
94,13614c,personal_info,2026-04-12T01:26:43.891Z,65
94,13614c,document_upload,2026-04-12T01:26:50.296Z,35
94,13614c,review,2026-04-12T01:27:18.265Z,141
94,13614c,completed,2026-04-12T01:28:04.945Z,179
95,itin,visited,2026-04-12T01:25:29.488Z,128
95,itin,started,2026-04-12T01:25:36.221Z,79
96,itin,visited,2026-04-12T01:25:29.488Z,39
96,itin,started,2026-04-12T01:26:06.139Z,106
96,itin,personal_info,2026-04-12T01:26:58.306Z,117
96,itin,document_upload,2026-04-12T01:27:56.602Z,174
96,itin,review,2026-04-12T01:27:58.485Z,63
97,13614c,visited,2026-04-12T01:25:29.488Z,69
97,13614c,started,2026-04-12T01:25:33.863Z,95
97,13614c,personal_info,2026-04-12T01:25:47.645Z,85
97,13614c,document_upload,2026-04-12T01:26:08.521Z,105
98,itin,visited,2026-04-12T01:25:29.488Z,0
98,itin,started,2026-04-12T01:26:05.672Z,59
98,itin,personal_info,2026-04-12T01:26:31.245Z,122
98,itin,document_upload,2026-04-12T01:26:50.905Z,116
99,itin,visited,2026-04-12T01:25:29.488Z,150
99,itin,started,2026-04-12T01:25:59.856Z,158
99,itin,personal_info,2026-04-12T01:26:41.030Z,174
100,itin,visited,2026-04-12T01:25:29.488Z,121
100,itin,started,2026-04-12T01:25:43.399Z,78
100,itin,personal_info,2026-04-12T01:26:11.655Z,153
100,itin,document_upload,2026-04-12T01:26:23.977Z,43
100,itin,review,2026-04-12T01:26:31.047Z,23
100,itin,completed,2026-04-12T01:26:32.939Z,181
101,13614c,visited,2026-04-12T01:25:29.488Z,66
102,itin,visited,2026-04-12T01:25:29.488Z,34
102,itin,started,2026-04-12T01:25:37.773Z,66
102,itin,personal_info,2026-04-12T01:26:28.477Z,136
102,itin,document_upload,2026-04-12T01:26:47.108Z,187
103,itin,visited,2026-04-12T01:25:29.488Z,49
104,itin,visited,2026-04-12T01:25:29.488Z,176
104,itin,started,2026-04-12T01:26:08.996Z,20
105,itin,visited,2026-04-12T01:25:29.488Z,191
106,13614c,visited,2026-04-12T01:25:29.488Z,88
106,13614c,started,2026-04-12T01:25:50.927Z,185
106,13614c,personal_info,2026-04-12T01:26:03.965Z,198
106,13614c,document_upload,2026-04-12T01:26:19.690Z,110
106,13614c,review,2026-04-12T01:26:38.349Z,71
106,13614c,completed,2026-04-12T01:27:26.528Z,104
107,13614c,visited,2026-04-12T01:25:29.488Z,129
107,13614c,started,2026-04-12T01:26:29.313Z,43
107,13614c,personal_info,2026-04-12T01:27:11.674Z,90
108,13614c,visited,2026-04-12T01:25:29.488Z,109
109,13614c,visited,2026-04-12T01:25:29.488Z,7
110,itin,visited,2026-04-12T01:25:29.488Z,4
110,itin,started,2026-04-12T01:26:02.752Z,119
110,itin,personal_info,2026-04-12T01:26:30.425Z,148
111,itin,visited,2026-04-12T01:25:29.488Z,56
111,itin,started,2026-04-12T01:25:55.111Z,142
111,itin,personal_info,2026-04-12T01:26:53.918Z,123
111,itin,document_upload,2026-04-12T01:27:37.403Z,64
111,itin,review,2026-04-12T01:27:57.875Z,31
111,itin,completed,2026-04-12T01:28:43.950Z,177
112,itin,visited,2026-04-12T01:25:29.488Z,107
112,itin,started,2026-04-12T01:26:26.132Z,56
112,itin,personal_info,2026-04-12T01:26:55.588Z,198
112,itin,document_upload,2026-04-12T01:27:33.667Z,16
113,13614c,visited,2026-04-12T01:25:29.488Z,69
113,13614c,started,2026-04-12T01:25:58.346Z,89
113,13614c,personal_info,2026-04-12T01:26:13.185Z,104
113,13614c,document_upload,2026-04-12T01:26:22.489Z,177
113,13614c,review,2026-04-12T01:26:34.355Z,151
114,13614c,visited,2026-04-12T01:25:29.488Z,94
114,13614c,started,2026-04-12T01:25:56.550Z,26
114,13614c,personal_info,2026-04-12T01:25:59.041Z,57
114,13614c,document_upload,2026-04-12T01:26:02.457Z,164
114,13614c,review,2026-04-12T01:26:58.271Z,138
115,itin,visited,2026-04-12T01:25:29.488Z,183
115,itin,started,2026-04-12T01:26:04.524Z,132
116,itin,visited,2026-04-12T01:25:29.488Z,152
116,itin,started,2026-04-12T01:25:56.004Z,31
117,itin,visited,2026-04-12T01:25:29.488Z,65
117,itin,started,2026-04-12T01:26:07.266Z,15
117,itin,personal_info,2026-04-12T01:26:18.945Z,8
118,itin,visited,2026-04-12T01:25:29.488Z,64
118,itin,started,2026-04-12T01:26:21.774Z,162
118,itin,personal_info,2026-04-12T01:26:45.303Z,50
118,itin,document_upload,2026-04-12T01:27:36.066Z,197
119,itin,visited,2026-04-12T01:25:29.488Z,6
119,itin,started,2026-04-12T01:26:16.287Z,100
119,itin,personal_info,2026-04-12T01:26:44.523Z,149
119,itin,document_upload,2026-04-12T01:27:14.970Z,111
119,itin,review,2026-04-12T01:28:11.352Z,55
120,13614c,visited,2026-04-12T01:25:29.488Z,118
121,13614c,visited,2026-04-12T01:25:29.488Z,54
122,itin,visited,2026-04-12T01:25:29.488Z,55
122,itin,started,2026-04-12T01:26:15.258Z,83
123,itin,visited,2026-04-12T01:25:29.488Z,151
123,itin,started,2026-04-12T01:25:45.495Z,128
123,itin,personal_info,2026-04-12T01:26:02.970Z,182
124,itin,visited,2026-04-12T01:25:29.488Z,67
124,itin,started,2026-04-12T01:26:26.680Z,28
124,itin,personal_info,2026-04-12T01:26:45.397Z,73
124,itin,document_upload,2026-04-12T01:26:54.565Z,16
125,13614c,visited,2026-04-12T01:25:29.488Z,96
126,13614c,visited,2026-04-12T01:25:29.488Z,193
126,13614c,started,2026-04-12T01:26:04.351Z,186
126,13614c,personal_info,2026-04-12T01:26:42.228Z,178
127,13614c,visited,2026-04-12T01:25:29.488Z,101
127,13614c,started,2026-04-12T01:26:01.831Z,12
127,13614c,personal_info,2026-04-12T01:26:24.057Z,100
127,13614c,document_upload,2026-04-12T01:27:01.447Z,75
127,13614c,review,2026-04-12T01:27:43.430Z,51
128,itin,visited,2026-04-12T01:25:29.488Z,96
129,13614c,visited,2026-04-12T01:25:29.488Z,78
129,13614c,started,2026-04-12T01:26:14.459Z,64
129,13614c,personal_info,2026-04-12T01:27:09.369Z,6
129,13614c,document_upload,2026-04-12T01:27:45.123Z,57
129,13614c,review,2026-04-12T01:28:30.037Z,151
129,13614c,completed,2026-04-12T01:28:41.874Z,69
130,13614c,visited,2026-04-12T01:25:29.488Z,80
130,13614c,started,2026-04-12T01:26:19.994Z,196
130,13614c,personal_info,2026-04-12T01:26:33.315Z,153
130,13614c,document_upload,2026-04-12T01:27:28.000Z,30
130,13614c,review,2026-04-12T01:27:30.980Z,62
131,itin,visited,2026-04-12T01:25:29.488Z,138
131,itin,started,2026-04-12T01:25:44.627Z,16
132,13614c,visited,2026-04-12T01:25:29.488Z,86
132,13614c,started,2026-04-12T01:26:27.194Z,190
132,13614c,personal_info,2026-04-12T01:27:08.403Z,50
132,13614c,document_upload,2026-04-12T01:27:59.045Z,86
132,13614c,review,2026-04-12T01:28:20.430Z,68
132,13614c,completed,2026-04-12T01:28:50.805Z,127
133,13614c,visited,2026-04-12T01:25:29.488Z,12
133,13614c,started,2026-04-12T01:25:30.891Z,103
133,13614c,personal_info,2026-04-12T01:26:08.122Z,89
133,13614c,document_upload,2026-04-12T01:27:01.228Z,163
134,itin,visited,2026-04-12T01:25:29.488Z,131
135,itin,visited,2026-04-12T01:25:29.488Z,80
135,itin,started,2026-04-12T01:25:46.877Z,140
135,itin,personal_info,2026-04-12T01:26:26.401Z,144
135,itin,document_upload,2026-04-12T01:27:09.025Z,120
136,itin,visited,2026-04-12T01:25:29.488Z,71
136,itin,started,2026-04-12T01:25:39.447Z,58
137,itin,visited,2026-04-12T01:25:29.488Z,21
137,itin,started,2026-04-12T01:25:35.004Z,122
138,itin,visited,2026-04-12T01:25:29.488Z,186
138,itin,started,2026-04-12T01:25:57.148Z,116
138,itin,personal_info,2026-04-12T01:26:13.331Z,82
138,itin,document_upload,2026-04-12T01:26:23.193Z,115
139,itin,visited,2026-04-12T01:25:29.488Z,48
140,13614c,visited,2026-04-12T01:25:29.488Z,57
140,13614c,started,2026-04-12T01:26:03.481Z,57
140,13614c,personal_info,2026-04-12T01:26:57.179Z,33
141,itin,visited,2026-04-12T01:25:29.488Z,171
141,itin,started,2026-04-12T01:26:11.184Z,0
142,itin,visited,2026-04-12T01:25:29.488Z,193
142,itin,started,2026-04-12T01:26:22.059Z,13
142,itin,personal_info,2026-04-12T01:27:07.258Z,145
142,itin,document_upload,2026-04-12T01:27:49.099Z,99
142,itin,review,2026-04-12T01:28:26.070Z,142
143,13614c,visited,2026-04-12T01:25:29.488Z,8
143,13614c,started,2026-04-12T01:26:21.111Z,39
143,13614c,personal_info,2026-04-12T01:26:38.832Z,130
143,13614c,document_upload,2026-04-12T01:26:58.074Z,1
144,itin,visited,2026-04-12T01:25:29.488Z,122
144,itin,started,2026-04-12T01:26:20.417Z,115
144,itin,personal_info,2026-04-12T01:26:30.893Z,128
144,itin,document_upload,2026-04-12T01:27:09.705Z,103
144,itin,review,2026-04-12T01:27:50.361Z,159
145,13614c,visited,2026-04-12T01:25:29.488Z,170
145,13614c,started,2026-04-12T01:25:53.222Z,187
146,itin,visited,2026-04-12T01:25:29.488Z,116
147,13614c,visited,2026-04-12T01:25:29.488Z,117
147,13614c,started,2026-04-12T01:26:15.574Z,110
148,13614c,visited,2026-04-12T01:25:29.488Z,78
148,13614c,started,2026-04-12T01:26:18.209Z,90
148,13614c,personal_info,2026-04-12T01:26:27.230Z,53
149,itin,visited,2026-04-12T01:25:29.488Z,34
149,itin,started,2026-04-12T01:26:18.330Z,38
149,itin,personal_info,2026-04-12T01:26:53.051Z,165
149,itin,document_upload,2026-04-12T01:27:22.357Z,10
149,itin,review,2026-04-12T01:27:51.345Z,192
150,13614c,visited,2026-04-12T01:25:29.488Z,185
151,itin,visited,2026-04-12T01:25:29.488Z,167
151,itin,started,2026-04-12T01:26:14.813Z,20
151,itin,personal_info,2026-04-12T01:27:12.995Z,3
152,itin,visited,2026-04-12T01:25:29.488Z,22
152,itin,started,2026-04-12T01:25:39.701Z,26
152,itin,personal_info,2026-04-12T01:25:44.461Z,90
152,itin,document_upload,2026-04-12T01:26:02.262Z,75
152,itin,review,2026-04-12T01:26:40.950Z,122
153,itin,visited,2026-04-12T01:25:29.488Z,131
153,itin,started,2026-04-12T01:26:29.113Z,186
154,13614c,visited,2026-04-12T01:25:29.488Z,134
154,13614c,started,2026-04-12T01:25:54.990Z,39
154,13614c,personal_info,2026-04-12T01:26:22.931Z,155
155,itin,visited,2026-04-12T01:25:29.488Z,2
155,itin,started,2026-04-12T01:25:47.426Z,134
155,itin,personal_info,2026-04-12T01:26:31.906Z,40
155,itin,document_upload,2026-04-12T01:27:08.652Z,145
155,itin,review,2026-04-12T01:27:54.271Z,95
155,itin,completed,2026-04-12T01:28:46.271Z,8
156,itin,visited,2026-04-12T01:25:29.488Z,68
157,itin,visited,2026-04-12T01:25:29.488Z,83
157,itin,started,2026-04-12T01:26:10.359Z,189
157,itin,personal_info,2026-04-12T01:27:01.169Z,72
157,itin,document_upload,2026-04-12T01:27:52.789Z,120
157,itin,review,2026-04-12T01:28:27.014Z,85
157,itin,completed,2026-04-12T01:29:00.480Z,36
158,itin,visited,2026-04-12T01:25:29.488Z,189
158,itin,started,2026-04-12T01:26:17.080Z,151
158,itin,personal_info,2026-04-12T01:26:31.487Z,148
159,itin,visited,2026-04-12T01:25:29.489Z,43
159,itin,started,2026-04-12T01:26:11.668Z,39
159,itin,personal_info,2026-04-12T01:26:43.872Z,20
159,itin,document_upload,2026-04-12T01:26:47.240Z,177
159,itin,review,2026-04-12T01:26:56.014Z,77
160,itin,visited,2026-04-12T01:25:29.489Z,105
160,itin,started,2026-04-12T01:25:32.957Z,144
160,itin,personal_info,2026-04-12T01:25:44.803Z,46
160,itin,document_upload,2026-04-12T01:26:38.247Z,10
160,itin,review,2026-04-12T01:27:11.553Z,179
160,itin,completed,2026-04-12T01:27:45.600Z,21
161,itin,visited,2026-04-12T01:25:29.489Z,95
161,itin,started,2026-04-12T01:25:41.659Z,127
161,itin,personal_info,2026-04-12T01:26:23.025Z,163
162,13614c,visited,2026-04-12T01:25:29.489Z,123
162,13614c,started,2026-04-12T01:26:13.529Z,48
162,13614c,personal_info,2026-04-12T01:27:00.994Z,166
162,13614c,document_upload,2026-04-12T01:27:36.565Z,58
162,13614c,review,2026-04-12T01:28:26.090Z,92
162,13614c,completed,2026-04-12T01:29:22.374Z,108
163,itin,visited,2026-04-12T01:25:29.489Z,22
163,itin,started,2026-04-12T01:26:16.901Z,34
163,itin,personal_info,2026-04-12T01:27:06.651Z,110
163,itin,document_upload,2026-04-12T01:27:38.198Z,196
163,itin,review,2026-04-12T01:28:09.060Z,192
163,itin,completed,2026-04-12T01:28:32.763Z,81
164,13614c,visited,2026-04-12T01:25:29.489Z,133
164,13614c,started,2026-04-12T01:26:27.556Z,33
164,13614c,personal_info,2026-04-12T01:27:19.176Z,104
164,13614c,document_upload,2026-04-12T01:28:05.114Z,173
164,13614c,review,2026-04-12T01:28:20.010Z,25
165,itin,visited,2026-04-12T01:25:29.489Z,51
165,itin,started,2026-04-12T01:26:00.440Z,23
165,itin,personal_info,2026-04-12T01:26:27.179Z,7
165,itin,document_upload,2026-04-12T01:27:23.245Z,176
165,itin,review,2026-04-12T01:27:55.734Z,197
166,13614c,visited,2026-04-12T01:25:29.489Z,159
166,13614c,started,2026-04-12T01:25:59.645Z,71
166,13614c,personal_info,2026-04-12T01:26:51.982Z,179
167,itin,visited,2026-04-12T01:25:29.489Z,140
167,itin,started,2026-04-12T01:26:23.014Z,81
167,itin,personal_info,2026-04-12T01:27:08.038Z,47
168,13614c,visited,2026-04-12T01:25:29.489Z,127
168,13614c,started,2026-04-12T01:26:04.533Z,170
168,13614c,personal_info,2026-04-12T01:27:00.623Z,167
168,13614c,document_upload,2026-04-12T01:27:35.663Z,85
168,13614c,review,2026-04-12T01:27:48.301Z,156
168,13614c,completed,2026-04-12T01:28:13.787Z,14
169,13614c,visited,2026-04-12T01:25:29.489Z,150
169,13614c,started,2026-04-12T01:26:13.194Z,61
169,13614c,personal_info,2026-04-12T01:26:39.430Z,122
169,13614c,document_upload,2026-04-12T01:27:12.496Z,60
170,13614c,visited,2026-04-12T01:25:29.489Z,116
170,13614c,started,2026-04-12T01:25:35.411Z,71
170,13614c,personal_info,2026-04-12T01:26:01.175Z,189
170,13614c,document_upload,2026-04-12T01:26:45.455Z,30
170,13614c,review,2026-04-12T01:27:07.885Z,56
170,13614c,completed,2026-04-12T01:27:16.560Z,170
171,13614c,visited,2026-04-12T01:25:29.489Z,26
171,13614c,started,2026-04-12T01:26:04.464Z,115
172,itin,visited,2026-04-12T01:25:29.489Z,115
172,itin,started,2026-04-12T01:25:35.106Z,156
173,itin,visited,2026-04-12T01:25:29.489Z,116
173,itin,started,2026-04-12T01:25:54.265Z,114
174,13614c,visited,2026-04-12T01:25:29.489Z,128
174,13614c,started,2026-04-12T01:26:28.904Z,25
174,13614c,personal_info,2026-04-12T01:27:05.034Z,3
174,13614c,document_upload,2026-04-12T01:27:33.436Z,6
175,itin,visited,2026-04-12T01:25:29.489Z,121
175,itin,started,2026-04-12T01:26:23.627Z,90
176,itin,visited,2026-04-12T01:25:29.489Z,178
176,itin,started,2026-04-12T01:25:33.858Z,162
176,itin,personal_info,2026-04-12T01:25:58.356Z,0
176,itin,document_upload,2026-04-12T01:26:16.476Z,4
176,itin,review,2026-04-12T01:26:38.835Z,197
176,itin,completed,2026-04-12T01:27:19.901Z,51
177,13614c,visited,2026-04-12T01:25:29.489Z,115
177,13614c,started,2026-04-12T01:26:11.772Z,100
177,13614c,personal_info,2026-04-12T01:26:18.215Z,39
177,13614c,document_upload,2026-04-12T01:26:26.579Z,59
178,itin,visited,2026-04-12T01:25:29.489Z,136
178,itin,started,2026-04-12T01:25:30.384Z,21
179,13614c,visited,2026-04-12T01:25:29.489Z,56
179,13614c,started,2026-04-12T01:26:17.342Z,15
179,13614c,personal_info,2026-04-12T01:26:19.371Z,117
179,13614c,document_upload,2026-04-12T01:26:35.503Z,158
180,itin,visited,2026-04-12T01:25:29.489Z,119
181,13614c,visited,2026-04-12T01:25:29.489Z,60
181,13614c,started,2026-04-12T01:25:40.288Z,123
181,13614c,personal_info,2026-04-12T01:26:08.387Z,38
182,itin,visited,2026-04-12T01:25:29.489Z,108
182,itin,started,2026-04-12T01:26:25.758Z,69
182,itin,personal_info,2026-04-12T01:27:04.983Z,110
182,itin,document_upload,2026-04-12T01:27:11.287Z,122
182,itin,review,2026-04-12T01:27:20.264Z,9
182,itin,completed,2026-04-12T01:27:45.740Z,130
183,13614c,visited,2026-04-12T01:25:29.489Z,194
183,13614c,started,2026-04-12T01:25:43.137Z,62
183,13614c,personal_info,2026-04-12T01:26:19.527Z,60
183,13614c,document_upload,2026-04-12T01:26:21.954Z,76
183,13614c,review,2026-04-12T01:26:41.809Z,164
183,13614c,completed,2026-04-12T01:27:17.188Z,10
184,13614c,visited,2026-04-12T01:25:29.489Z,43
184,13614c,started,2026-04-12T01:26:06.122Z,163
184,13614c,personal_info,2026-04-12T01:26:54.106Z,168
184,13614c,document_upload,2026-04-12T01:27:21.969Z,91
184,13614c,review,2026-04-12T01:27:49.261Z,184
185,13614c,visited,2026-04-12T01:25:29.489Z,99
186,itin,visited,2026-04-12T01:25:29.489Z,148
186,itin,started,2026-04-12T01:25:35.936Z,132
186,itin,personal_info,2026-04-12T01:26:05.922Z,152
186,itin,document_upload,2026-04-12T01:26:28.073Z,173
186,itin,review,2026-04-12T01:26:37.290Z,22
187,itin,visited,2026-04-12T01:25:29.489Z,2
187,itin,started,2026-04-12T01:25:30.776Z,195
187,itin,personal_info,2026-04-12T01:26:18.904Z,154
187,itin,document_upload,2026-04-12T01:26:48.883Z,187
187,itin,review,2026-04-12T01:27:00.355Z,103
188,itin,visited,2026-04-12T01:25:29.489Z,146
188,itin,started,2026-04-12T01:26:28.381Z,61
188,itin,personal_info,2026-04-12T01:27:21.483Z,85
188,itin,document_upload,2026-04-12T01:27:44.340Z,143
188,itin,review,2026-04-12T01:28:36.417Z,152
189,13614c,visited,2026-04-12T01:25:29.489Z,21
189,13614c,started,2026-04-12T01:25:48.973Z,160
190,13614c,visited,2026-04-12T01:25:29.489Z,111
191,13614c,visited,2026-04-12T01:25:29.489Z,9
192,itin,visited,2026-04-12T01:25:29.489Z,77
192,itin,started,2026-04-12T01:26:21.974Z,89
192,itin,personal_info,2026-04-12T01:26:35.199Z,99
192,itin,document_upload,2026-04-12T01:27:31.411Z,30
192,itin,review,2026-04-12T01:27:53.410Z,8
193,13614c,visited,2026-04-12T01:25:29.489Z,91
193,13614c,started,2026-04-12T01:25:52.542Z,34
193,13614c,personal_info,2026-04-12T01:26:49.810Z,106
194,13614c,visited,2026-04-12T01:25:29.489Z,129
194,13614c,started,2026-04-12T01:26:01.878Z,165
194,13614c,personal_info,2026-04-12T01:26:21.166Z,125
194,13614c,document_upload,2026-04-12T01:26:54.917Z,106
194,13614c,review,2026-04-12T01:27:36.887Z,134
194,13614c,completed,2026-04-12T01:27:54.069Z,97
195,13614c,visited,2026-04-12T01:25:29.489Z,146
195,13614c,started,2026-04-12T01:25:53.751Z,67
196,itin,visited,2026-04-12T01:25:29.489Z,36
197,itin,visited,2026-04-12T01:25:29.489Z,50
197,itin,started,2026-04-12T01:26:02.475Z,34
197,itin,personal_info,2026-04-12T01:26:08.931Z,145
197,itin,document_upload,2026-04-12T01:26:42.572Z,194
197,itin,review,2026-04-12T01:27:33.128Z,58
197,itin,completed,2026-04-12T01:28:07.280Z,81
198,13614c,visited,2026-04-12T01:25:29.489Z,24
198,13614c,started,2026-04-12T01:26:01.974Z,132
198,13614c,personal_info,2026-04-12T01:26:23.291Z,62
199,13614c,visited,2026-04-12T01:25:29.489Z,0
199,13614c,started,2026-04-12T01:26:17.307Z,152
199,13614c,personal_info,2026-04-12T01:26:44.320Z,10
199,13614c,document_upload,2026-04-12T01:26:47.108Z,10
199,13614c,review,2026-04-12T01:26:58.904Z,185
199,13614c,completed,2026-04-12T01:27:38.124Z,73
200,13614c,visited,2026-04-12T01:25:29.489Z,69
201,itin,visited,2026-04-12T01:25:29.489Z,38
201,itin,started,2026-04-12T01:26:18.990Z,64
201,itin,personal_info,2026-04-12T01:26:38.971Z,23
201,itin,document_upload,2026-04-12T01:26:55.469Z,177
201,itin,review,2026-04-12T01:27:06.854Z,113
202,13614c,visited,2026-04-12T01:25:29.489Z,120
202,13614c,started,2026-04-12T01:26:03.631Z,39
202,13614c,personal_info,2026-04-12T01:26:33.605Z,91
202,13614c,document_upload,2026-04-12T01:27:09.234Z,51
202,13614c,review,2026-04-12T01:27:47.497Z,19
203,13614c,visited,2026-04-12T01:25:29.489Z,36
204,itin,visited,2026-04-12T01:25:29.489Z,7
204,itin,started,2026-04-12T01:26:00.450Z,161
204,itin,personal_info,2026-04-12T01:26:50.440Z,16
204,itin,document_upload,2026-04-12T01:27:09.733Z,142
204,itin,review,2026-04-12T01:28:09.166Z,136
204,itin,completed,2026-04-12T01:28:36.036Z,187
205,13614c,visited,2026-04-12T01:25:29.489Z,122
205,13614c,started,2026-04-12T01:26:18.385Z,114
205,13614c,personal_info,2026-04-12T01:27:03.800Z,130
205,13614c,document_upload,2026-04-12T01:28:03.496Z,36
205,13614c,review,2026-04-12T01:28:10.444Z,26
206,13614c,visited,2026-04-12T01:25:29.489Z,89
206,13614c,started,2026-04-12T01:26:01.808Z,157
206,13614c,personal_info,2026-04-12T01:26:16.498Z,128
206,13614c,document_upload,2026-04-12T01:26:34.365Z,144
207,13614c,visited,2026-04-12T01:25:29.489Z,105
207,13614c,started,2026-04-12T01:25:37.208Z,162
207,13614c,personal_info,2026-04-12T01:26:08.829Z,161
208,itin,visited,2026-04-12T01:25:29.489Z,105
208,itin,started,2026-04-12T01:25:45.780Z,105
208,itin,personal_info,2026-04-12T01:26:08.833Z,138
208,itin,document_upload,2026-04-12T01:26:16.317Z,87
209,itin,visited,2026-04-12T01:25:29.489Z,195
210,itin,visited,2026-04-12T01:25:29.489Z,27
210,itin,started,2026-04-12T01:26:15.058Z,94
211,itin,visited,2026-04-12T01:25:29.489Z,66
211,itin,started,2026-04-12T01:25:46.258Z,46
211,itin,personal_info,2026-04-12T01:26:36.924Z,196
211,itin,document_upload,2026-04-12T01:26:42.325Z,133
212,itin,visited,2026-04-12T01:25:29.489Z,23
212,itin,started,2026-04-12T01:26:26.496Z,112
213,13614c,visited,2026-04-12T01:25:29.489Z,185
213,13614c,started,2026-04-12T01:25:45.640Z,145
213,13614c,personal_info,2026-04-12T01:25:47.566Z,135
214,13614c,visited,2026-04-12T01:25:29.489Z,13
214,13614c,started,2026-04-12T01:25:39.714Z,75
215,13614c,visited,2026-04-12T01:25:29.489Z,4
215,13614c,started,2026-04-12T01:26:25.892Z,5
216,13614c,visited,2026-04-12T01:25:29.489Z,191
216,13614c,started,2026-04-12T01:25:34.113Z,99
216,13614c,personal_info,2026-04-12T01:25:38.673Z,145
216,13614c,document_upload,2026-04-12T01:25:50.175Z,39
217,13614c,visited,2026-04-12T01:25:29.489Z,191
217,13614c,started,2026-04-12T01:25:46.055Z,32
218,itin,visited,2026-04-12T01:25:29.489Z,97
218,itin,started,2026-04-12T01:26:19.547Z,56
218,itin,personal_info,2026-04-12T01:26:49.564Z,102
219,13614c,visited,2026-04-12T01:25:29.489Z,191
219,13614c,started,2026-04-12T01:26:16.489Z,162
219,13614c,personal_info,2026-04-12T01:27:02.132Z,177
219,13614c,document_upload,2026-04-12T01:27:03.854Z,60
219,13614c,review,2026-04-12T01:27:04.795Z,39
219,13614c,completed,2026-04-12T01:27:42.304Z,82
220,itin,visited,2026-04-12T01:25:29.489Z,112
220,itin,started,2026-04-12T01:26:19.718Z,146
220,itin,personal_info,2026-04-12T01:27:16.270Z,99
221,13614c,visited,2026-04-12T01:25:29.489Z,70
221,13614c,started,2026-04-12T01:25:38.199Z,158
221,13614c,personal_info,2026-04-12T01:26:06.317Z,174
221,13614c,document_upload,2026-04-12T01:26:41.550Z,184
221,13614c,review,2026-04-12T01:27:03.458Z,38
221,13614c,completed,2026-04-12T01:27:58.362Z,122
222,itin,visited,2026-04-12T01:25:29.489Z,118
222,itin,started,2026-04-12T01:26:18.791Z,169
222,itin,personal_info,2026-04-12T01:26:43.689Z,184
222,itin,document_upload,2026-04-12T01:27:08.811Z,35
222,itin,review,2026-04-12T01:27:28.861Z,140
223,itin,visited,2026-04-12T01:25:29.489Z,66
223,itin,started,2026-04-12T01:26:17.394Z,85
223,itin,personal_info,2026-04-12T01:27:07.301Z,53
223,itin,document_upload,2026-04-12T01:27:49.578Z,195
223,itin,review,2026-04-12T01:28:12.485Z,126
224,itin,visited,2026-04-12T01:25:29.489Z,136
224,itin,started,2026-04-12T01:26:01.304Z,61
224,itin,personal_info,2026-04-12T01:26:43.826Z,15
224,itin,document_upload,2026-04-12T01:27:37.133Z,72
225,itin,visited,2026-04-12T01:25:29.489Z,171
226,itin,visited,2026-04-12T01:25:29.489Z,159
226,itin,started,2026-04-12T01:26:19.014Z,140
226,itin,personal_info,2026-04-12T01:26:30.255Z,70
227,itin,visited,2026-04-12T01:25:29.489Z,193
227,itin,started,2026-04-12T01:26:23.842Z,182
227,itin,personal_info,2026-04-12T01:26:59.004Z,45
227,itin,document_upload,2026-04-12T01:27:33.992Z,23
228,itin,visited,2026-04-12T01:25:29.489Z,4
228,itin,started,2026-04-12T01:25:59.361Z,56
229,itin,visited,2026-04-12T01:25:29.489Z,189
229,itin,started,2026-04-12T01:26:00.208Z,172
229,itin,personal_info,2026-04-12T01:26:01.098Z,90
229,itin,document_upload,2026-04-12T01:26:42.415Z,55
229,itin,review,2026-04-12T01:27:14.647Z,131
229,itin,completed,2026-04-12T01:27:16.119Z,113
230,13614c,visited,2026-04-12T01:25:29.489Z,121
231,itin,visited,2026-04-12T01:25:29.489Z,85
231,itin,started,2026-04-12T01:26:02.666Z,89
231,itin,personal_info,2026-04-12T01:26:53.255Z,89
231,itin,document_upload,2026-04-12T01:27:02.584Z,126
232,itin,visited,2026-04-12T01:25:29.489Z,102
232,itin,started,2026-04-12T01:26:28.652Z,158
232,itin,personal_info,2026-04-12T01:27:11.321Z,79
232,itin,document_upload,2026-04-12T01:28:05.288Z,112
232,itin,review,2026-04-12T01:28:27.914Z,17
232,itin,completed,2026-04-12T01:29:17.421Z,62
233,itin,visited,2026-04-12T01:25:29.489Z,162
233,itin,started,2026-04-12T01:25:41.223Z,186
233,itin,personal_info,2026-04-12T01:26:31.569Z,92
233,itin,document_upload,2026-04-12T01:26:49.958Z,67
233,itin,review,2026-04-12T01:27:13.763Z,61
234,itin,visited,2026-04-12T01:25:29.489Z,170
234,itin,started,2026-04-12T01:25:59.786Z,126
234,itin,personal_info,2026-04-12T01:26:49.346Z,110
235,13614c,visited,2026-04-12T01:25:29.489Z,28
235,13614c,started,2026-04-12T01:25:55.681Z,50
235,13614c,personal_info,2026-04-12T01:26:05.578Z,48
235,13614c,document_upload,2026-04-12T01:26:53.042Z,1
236,13614c,visited,2026-04-12T01:25:29.489Z,10
236,13614c,started,2026-04-12T01:25:41.185Z,127
236,13614c,personal_info,2026-04-12T01:25:44.007Z,105
237,itin,visited,2026-04-12T01:25:29.489Z,169
237,itin,started,2026-04-12T01:26:20.711Z,9
237,itin,personal_info,2026-04-12T01:27:11.349Z,130
237,itin,document_upload,2026-04-12T01:28:10.928Z,180
237,itin,review,2026-04-12T01:28:51.725Z,154
238,itin,visited,2026-04-12T01:25:29.489Z,88
238,itin,started,2026-04-12T01:25:51.027Z,95
238,itin,personal_info,2026-04-12T01:26:10.231Z,84
238,itin,document_upload,2026-04-12T01:27:08.238Z,175
238,itin,review,2026-04-12T01:27:32.469Z,21
238,itin,completed,2026-04-12T01:28:05.519Z,161
239,itin,visited,2026-04-12T01:25:29.489Z,105
239,itin,started,2026-04-12T01:26:09.352Z,193
240,itin,visited,2026-04-12T01:25:29.489Z,102
240,itin,started,2026-04-12T01:26:17.043Z,32
240,itin,personal_info,2026-04-12T01:26:21.724Z,172
240,itin,document_upload,2026-04-12T01:27:17.236Z,71
240,itin,review,2026-04-12T01:27:36.243Z,42
241,itin,visited,2026-04-12T01:25:29.489Z,11
241,itin,started,2026-04-12T01:25:56.537Z,60
241,itin,personal_info,2026-04-12T01:26:12.344Z,48
241,itin,document_upload,2026-04-12T01:27:00.296Z,65
241,itin,review,2026-04-12T01:27:14.367Z,101
241,itin,completed,2026-04-12T01:27:17.464Z,64
242,13614c,visited,2026-04-12T01:25:29.489Z,108
242,13614c,started,2026-04-12T01:26:01.874Z,68
242,13614c,personal_info,2026-04-12T01:26:56.195Z,179
243,itin,visited,2026-04-12T01:25:29.489Z,51
243,itin,started,2026-04-12T01:26:22.289Z,118
243,itin,personal_info,2026-04-12T01:26:41.799Z,28
244,13614c,visited,2026-04-12T01:25:29.489Z,3
244,13614c,started,2026-04-12T01:25:41.226Z,51
244,13614c,personal_info,2026-04-12T01:26:37.423Z,31
245,itin,visited,2026-04-12T01:25:29.489Z,133
246,13614c,visited,2026-04-12T01:25:29.489Z,179
247,itin,visited,2026-04-12T01:25:29.489Z,97
247,itin,started,2026-04-12T01:26:20.131Z,11
247,itin,personal_info,2026-04-12T01:26:47.878Z,196
247,itin,document_upload,2026-04-12T01:26:49.178Z,48
248,13614c,visited,2026-04-12T01:25:29.489Z,135
249,13614c,visited,2026-04-12T01:25:29.489Z,87
249,13614c,started,2026-04-12T01:25:48.604Z,167
249,13614c,personal_info,2026-04-12T01:25:57.155Z,73
249,13614c,document_upload,2026-04-12T01:26:30.105Z,90
249,13614c,review,2026-04-12T01:27:26.978Z,154
249,13614c,completed,2026-04-12T01:28:22.046Z,109
250,itin,visited,2026-04-12T01:25:29.489Z,15
250,itin,started,2026-04-12T01:25:49.507Z,4
250,itin,personal_info,2026-04-12T01:26:40.801Z,151
250,itin,document_upload,2026-04-12T01:26:56.666Z,193
250,itin,review,2026-04-12T01:27:43.185Z,21
251,itin,visited,2026-04-12T01:25:29.489Z,106
251,itin,started,2026-04-12T01:25:29.823Z,96
251,itin,personal_info,2026-04-12T01:25:50.364Z,129
252,itin,visited,2026-04-12T01:25:29.489Z,139
252,itin,started,2026-04-12T01:25:54.220Z,18
252,itin,personal_info,2026-04-12T01:26:18.543Z,132
252,itin,document_upload,2026-04-12T01:27:17.912Z,176
252,itin,review,2026-04-12T01:28:01.693Z,5
253,13614c,visited,2026-04-12T01:25:29.489Z,109
253,13614c,started,2026-04-12T01:26:03.388Z,179
253,13614c,personal_info,2026-04-12T01:26:12.139Z,100
254,itin,visited,2026-04-12T01:25:29.489Z,132
254,itin,started,2026-04-12T01:26:06.380Z,105
254,itin,personal_info,2026-04-12T01:26:21.629Z,136
254,itin,document_upload,2026-04-12T01:27:14.356Z,164
254,itin,review,2026-04-12T01:28:12.564Z,42
254,itin,completed,2026-04-12T01:28:41.398Z,160
255,13614c,visited,2026-04-12T01:25:29.489Z,35
255,13614c,started,2026-04-12T01:25:47.160Z,106
255,13614c,personal_info,2026-04-12T01:26:38.673Z,120
255,13614c,document_upload,2026-04-12T01:26:49.663Z,16
256,itin,visited,2026-04-12T01:25:29.489Z,35
256,itin,started,2026-04-12T01:26:06.276Z,123
257,13614c,visited,2026-04-12T01:25:29.489Z,154
257,13614c,started,2026-04-12T01:25:38.119Z,115
258,13614c,visited,2026-04-12T01:25:29.489Z,80
258,13614c,started,2026-04-12T01:25:52.712Z,195
258,13614c,personal_info,2026-04-12T01:26:51.724Z,17
259,13614c,visited,2026-04-12T01:25:29.489Z,163
259,13614c,started,2026-04-12T01:25:42.570Z,39
259,13614c,personal_info,2026-04-12T01:25:49.547Z,141
259,13614c,document_upload,2026-04-12T01:25:55.357Z,194
259,13614c,review,2026-04-12T01:26:09.270Z,68
259,13614c,completed,2026-04-12T01:26:50.946Z,71
260,itin,visited,2026-04-12T01:25:29.489Z,179
261,itin,visited,2026-04-12T01:25:29.489Z,124
261,itin,started,2026-04-12T01:25:38.334Z,117
261,itin,personal_info,2026-04-12T01:26:20.998Z,62
261,itin,document_upload,2026-04-12T01:26:46.659Z,149
261,itin,review,2026-04-12T01:26:47.215Z,36
262,13614c,visited,2026-04-12T01:25:29.489Z,19
262,13614c,started,2026-04-12T01:25:42.457Z,25
262,13614c,personal_info,2026-04-12T01:26:04.485Z,165
263,itin,visited,2026-04-12T01:25:29.489Z,108
263,itin,started,2026-04-12T01:26:11.039Z,86
263,itin,personal_info,2026-04-12T01:26:12.967Z,52
264,itin,visited,2026-04-12T01:25:29.489Z,137
264,itin,started,2026-04-12T01:26:14.889Z,49
264,itin,personal_info,2026-04-12T01:26:54.677Z,73
264,itin,document_upload,2026-04-12T01:27:15.192Z,124
264,itin,review,2026-04-12T01:28:14.529Z,184
264,itin,completed,2026-04-12T01:29:01.154Z,89
265,13614c,visited,2026-04-12T01:25:29.489Z,180
265,13614c,started,2026-04-12T01:26:26.886Z,175
265,13614c,personal_info,2026-04-12T01:26:47.686Z,150
265,13614c,document_upload,2026-04-12T01:27:03.417Z,176
266,itin,visited,2026-04-12T01:25:29.489Z,58
266,itin,started,2026-04-12T01:26:03.324Z,2
266,itin,personal_info,2026-04-12T01:26:55.204Z,61
266,itin,document_upload,2026-04-12T01:27:21.076Z,80
267,13614c,visited,2026-04-12T01:25:29.489Z,0
267,13614c,started,2026-04-12T01:26:25.709Z,140
267,13614c,personal_info,2026-04-12T01:27:04.310Z,124
267,13614c,document_upload,2026-04-12T01:27:50.713Z,87
267,13614c,review,2026-04-12T01:28:16.201Z,90
268,13614c,visited,2026-04-12T01:25:29.489Z,12
269,13614c,visited,2026-04-12T01:25:29.489Z,75
269,13614c,started,2026-04-12T01:26:13.195Z,80
269,13614c,personal_info,2026-04-12T01:26:17.907Z,179
270,13614c,visited,2026-04-12T01:25:29.489Z,8
270,13614c,started,2026-04-12T01:25:40.124Z,40
270,13614c,personal_info,2026-04-12T01:26:12.228Z,112
270,13614c,document_upload,2026-04-12T01:26:27.548Z,100
270,13614c,review,2026-04-12T01:26:48.957Z,178
271,itin,visited,2026-04-12T01:25:29.489Z,178
271,itin,started,2026-04-12T01:26:16.106Z,103
271,itin,personal_info,2026-04-12T01:26:50.644Z,7
271,itin,document_upload,2026-04-12T01:27:33.502Z,131
271,itin,review,2026-04-12T01:28:07.429Z,41
271,itin,completed,2026-04-12T01:29:01.396Z,190
272,13614c,visited,2026-04-12T01:25:29.489Z,145
273,itin,visited,2026-04-12T01:25:29.489Z,176
273,itin,started,2026-04-12T01:25:32.463Z,144
273,itin,personal_info,2026-04-12T01:25:52.611Z,24
274,itin,visited,2026-04-12T01:25:29.489Z,156
275,itin,visited,2026-04-12T01:25:29.489Z,147
275,itin,started,2026-04-12T01:26:23.281Z,48
275,itin,personal_info,2026-04-12T01:26:56.683Z,168
276,13614c,visited,2026-04-12T01:25:29.489Z,195
276,13614c,started,2026-04-12T01:25:45.951Z,26
276,13614c,personal_info,2026-04-12T01:25:58.389Z,177
276,13614c,document_upload,2026-04-12T01:26:07.387Z,108
276,13614c,review,2026-04-12T01:26:56.158Z,103
276,13614c,completed,2026-04-12T01:27:27.391Z,62
277,itin,visited,2026-04-12T01:25:29.489Z,189
277,itin,started,2026-04-12T01:26:05.796Z,70
277,itin,personal_info,2026-04-12T01:26:47.823Z,100
277,itin,document_upload,2026-04-12T01:26:56.393Z,33
278,13614c,visited,2026-04-12T01:25:29.489Z,193
279,13614c,visited,2026-04-12T01:25:29.489Z,188
279,13614c,started,2026-04-12T01:26:12.968Z,171
280,13614c,visited,2026-04-12T01:25:29.489Z,33
280,13614c,started,2026-04-12T01:25:46.430Z,147
280,13614c,personal_info,2026-04-12T01:26:16.239Z,102
281,13614c,visited,2026-04-12T01:25:29.489Z,126
282,13614c,visited,2026-04-12T01:25:29.489Z,120
283,13614c,visited,2026-04-12T01:25:29.489Z,73
283,13614c,started,2026-04-12T01:25:33.326Z,29
283,13614c,personal_info,2026-04-12T01:25:34.924Z,124
283,13614c,document_upload,2026-04-12T01:26:09.589Z,101
283,13614c,review,2026-04-12T01:26:52.752Z,72
284,itin,visited,2026-04-12T01:25:29.489Z,194
284,itin,started,2026-04-12T01:25:29.968Z,140
284,itin,personal_info,2026-04-12T01:26:29.617Z,144
284,itin,document_upload,2026-04-12T01:27:02.635Z,129
284,itin,review,2026-04-12T01:27:46.416Z,7
284,itin,completed,2026-04-12T01:28:13.315Z,188
285,itin,visited,2026-04-12T01:25:29.489Z,194
285,itin,started,2026-04-12T01:26:02.493Z,23
285,itin,personal_info,2026-04-12T01:26:31.285Z,102
285,itin,document_upload,2026-04-12T01:26:38.027Z,48
286,13614c,visited,2026-04-12T01:25:29.489Z,86
286,13614c,started,2026-04-12T01:25:30.016Z,80
286,13614c,personal_info,2026-04-12T01:26:03.679Z,158
286,13614c,document_upload,2026-04-12T01:26:03.717Z,114
286,13614c,review,2026-04-12T01:26:12.153Z,60
286,13614c,completed,2026-04-12T01:26:13.742Z,128
287,13614c,visited,2026-04-12T01:25:29.489Z,146
287,13614c,started,2026-04-12T01:26:05.006Z,35
287,13614c,personal_info,2026-04-12T01:26:38.420Z,176
288,itin,visited,2026-04-12T01:25:29.489Z,48
289,13614c,visited,2026-04-12T01:25:29.489Z,21
289,13614c,started,2026-04-12T01:26:18.689Z,184
290,13614c,visited,2026-04-12T01:25:29.489Z,62
290,13614c,started,2026-04-12T01:26:21.562Z,116
290,13614c,personal_info,2026-04-12T01:26:30.371Z,138
290,13614c,document_upload,2026-04-12T01:26:34.736Z,152
290,13614c,review,2026-04-12T01:26:41.402Z,21
290,13614c,completed,2026-04-12T01:26:54.664Z,84
291,13614c,visited,2026-04-12T01:25:29.489Z,30
292,13614c,visited,2026-04-12T01:25:29.489Z,107
292,13614c,started,2026-04-12T01:25:58.357Z,32
292,13614c,personal_info,2026-04-12T01:26:43.061Z,57
292,13614c,document_upload,2026-04-12T01:27:26.993Z,87
292,13614c,review,2026-04-12T01:28:10.572Z,170
293,13614c,visited,2026-04-12T01:25:29.489Z,141
293,13614c,started,2026-04-12T01:25:50.576Z,169
293,13614c,personal_info,2026-04-12T01:26:10.613Z,76
293,13614c,document_upload,2026-04-12T01:26:48.893Z,133
293,13614c,review,2026-04-12T01:27:45.311Z,161
294,13614c,visited,2026-04-12T01:25:29.489Z,134
294,13614c,started,2026-04-12T01:25:36.760Z,1
295,itin,visited,2026-04-12T01:25:29.490Z,57
295,itin,started,2026-04-12T01:25:51.789Z,121
295,itin,personal_info,2026-04-12T01:26:22.076Z,76
295,itin,document_upload,2026-04-12T01:26:41.157Z,95
295,itin,review,2026-04-12T01:27:36.390Z,174
296,itin,visited,2026-04-12T01:25:29.490Z,42
297,itin,visited,2026-04-12T01:25:29.490Z,47
297,itin,started,2026-04-12T01:26:10.596Z,14
297,itin,personal_info,2026-04-12T01:26:25.344Z,7
297,itin,document_upload,2026-04-12T01:27:20.888Z,75
297,itin,review,2026-04-12T01:27:38.410Z,144
297,itin,completed,2026-04-12T01:27:42.039Z,42
298,13614c,visited,2026-04-12T01:25:29.490Z,18
298,13614c,started,2026-04-12T01:25:54.497Z,78
298,13614c,personal_info,2026-04-12T01:26:17.727Z,4
298,13614c,document_upload,2026-04-12T01:26:44.061Z,78
299,13614c,visited,2026-04-12T01:25:29.490Z,170
299,13614c,started,2026-04-12T01:26:15.461Z,16
299,13614c,personal_info,2026-04-12T01:27:04.209Z,39
299,13614c,document_upload,2026-04-12T01:27:46.004Z,22
299,13614c,review,2026-04-12T01:28:31.851Z,120
300,itin,visited,2026-04-12T01:25:29.490Z,14
300,itin,started,2026-04-12T01:25:47.755Z,129
300,itin,personal_info,2026-04-12T01:26:05.721Z,87
300,itin,document_upload,2026-04-12T01:26:23.932Z,127
300,itin,review,2026-04-12T01:27:22.811Z,16
300,itin,completed,2026-04-12T01:27:34.238Z,52
301,itin,visited,2026-04-12T01:25:29.490Z,94
301,itin,started,2026-04-12T01:26:24.252Z,81
301,itin,personal_info,2026-04-12T01:27:09.781Z,47
302,13614c,visited,2026-04-12T01:25:29.490Z,61
302,13614c,started,2026-04-12T01:26:08.533Z,163
302,13614c,personal_info,2026-04-12T01:26:36.078Z,54
302,13614c,document_upload,2026-04-12T01:27:26.620Z,11
302,13614c,review,2026-04-12T01:27:40.103Z,9
303,13614c,visited,2026-04-12T01:25:29.490Z,112
303,13614c,started,2026-04-12T01:26:07.365Z,166
303,13614c,personal_info,2026-04-12T01:26:41.288Z,26
303,13614c,document_upload,2026-04-12T01:26:46.443Z,41
304,itin,visited,2026-04-12T01:25:29.490Z,72
304,itin,started,2026-04-12T01:25:58.433Z,39
304,itin,personal_info,2026-04-12T01:26:08.125Z,96
304,itin,document_upload,2026-04-12T01:26:12.315Z,58
304,itin,review,2026-04-12T01:26:47.330Z,70
304,itin,completed,2026-04-12T01:27:26.643Z,144
305,itin,visited,2026-04-12T01:25:29.490Z,181
305,itin,started,2026-04-12T01:25:43.552Z,132
305,itin,personal_info,2026-04-12T01:26:00.155Z,67
305,itin,document_upload,2026-04-12T01:26:39.230Z,124
306,itin,visited,2026-04-12T01:25:29.490Z,54
306,itin,started,2026-04-12T01:26:10.456Z,80
307,13614c,visited,2026-04-12T01:25:29.490Z,169
308,itin,visited,2026-04-12T01:25:29.490Z,17
308,itin,started,2026-04-12T01:26:21.086Z,171
308,itin,personal_info,2026-04-12T01:27:10.106Z,150
308,itin,document_upload,2026-04-12T01:27:46.848Z,152
309,13614c,visited,2026-04-12T01:25:29.490Z,3
309,13614c,started,2026-04-12T01:25:39.144Z,2
309,13614c,personal_info,2026-04-12T01:25:45.655Z,86
310,itin,visited,2026-04-12T01:25:29.490Z,129
310,itin,started,2026-04-12T01:25:34.416Z,8
310,itin,personal_info,2026-04-12T01:26:20.618Z,198
310,itin,document_upload,2026-04-12T01:27:10.354Z,75
311,itin,visited,2026-04-12T01:25:29.490Z,14
311,itin,started,2026-04-12T01:26:02.812Z,126
311,itin,personal_info,2026-04-12T01:26:10.248Z,58
311,itin,document_upload,2026-04-12T01:27:01.507Z,121
311,itin,review,2026-04-12T01:27:24.190Z,170
311,itin,completed,2026-04-12T01:28:12.390Z,166
312,itin,visited,2026-04-12T01:25:29.490Z,65
312,itin,started,2026-04-12T01:26:25.478Z,123
312,itin,personal_info,2026-04-12T01:26:51.074Z,133
313,itin,visited,2026-04-12T01:25:29.490Z,94
313,itin,started,2026-04-12T01:26:11.565Z,109
313,itin,personal_info,2026-04-12T01:26:38.231Z,63
313,itin,document_upload,2026-04-12T01:27:37.015Z,177
313,itin,review,2026-04-12T01:28:09.780Z,44
314,itin,visited,2026-04-12T01:25:29.490Z,184
314,itin,started,2026-04-12T01:26:07.104Z,170
315,itin,visited,2026-04-12T01:25:29.490Z,73
316,itin,visited,2026-04-12T01:25:29.490Z,93
317,itin,visited,2026-04-12T01:25:29.490Z,19
318,itin,visited,2026-04-12T01:25:29.490Z,76
318,itin,started,2026-04-12T01:26:09.280Z,176
318,itin,personal_info,2026-04-12T01:27:07.671Z,10
319,13614c,visited,2026-04-12T01:25:29.490Z,159
320,13614c,visited,2026-04-12T01:25:29.490Z,67
320,13614c,started,2026-04-12T01:26:16.868Z,107
320,13614c,personal_info,2026-04-12T01:26:40.589Z,98
320,13614c,document_upload,2026-04-12T01:27:07.586Z,168
321,13614c,visited,2026-04-12T01:25:29.490Z,98
321,13614c,started,2026-04-12T01:26:08.142Z,43
322,itin,visited,2026-04-12T01:25:29.490Z,145
322,itin,started,2026-04-12T01:26:10.872Z,146
322,itin,personal_info,2026-04-12T01:26:14.003Z,191
322,itin,document_upload,2026-04-12T01:26:39.180Z,158
322,itin,review,2026-04-12T01:27:33.321Z,195
323,itin,visited,2026-04-12T01:25:29.490Z,157
323,itin,started,2026-04-12T01:26:04.517Z,24
323,itin,personal_info,2026-04-12T01:26:18.113Z,134
323,itin,document_upload,2026-04-12T01:26:52.521Z,22
323,itin,review,2026-04-12T01:27:41.945Z,29
324,13614c,visited,2026-04-12T01:25:29.490Z,176
324,13614c,started,2026-04-12T01:26:28.660Z,71
324,13614c,personal_info,2026-04-12T01:27:18.148Z,34
325,itin,visited,2026-04-12T01:25:29.490Z,170
325,itin,started,2026-04-12T01:26:28.348Z,21
325,itin,personal_info,2026-04-12T01:27:01.059Z,87
325,itin,document_upload,2026-04-12T01:27:37.858Z,82
325,itin,review,2026-04-12T01:27:51.118Z,168
325,itin,completed,2026-04-12T01:28:11.843Z,21
326,13614c,visited,2026-04-12T01:25:29.490Z,47
326,13614c,started,2026-04-12T01:25:43.774Z,122
326,13614c,personal_info,2026-04-12T01:26:35.648Z,63
326,13614c,document_upload,2026-04-12T01:26:57.785Z,87
327,itin,visited,2026-04-12T01:25:29.490Z,57
327,itin,started,2026-04-12T01:25:55.565Z,103
328,itin,visited,2026-04-12T01:25:29.490Z,39
328,itin,started,2026-04-12T01:25:45.199Z,108
328,itin,personal_info,2026-04-12T01:26:15.840Z,37
329,itin,visited,2026-04-12T01:25:29.490Z,93
329,itin,started,2026-04-12T01:26:21.467Z,19
329,itin,personal_info,2026-04-12T01:26:54.201Z,2
330,13614c,visited,2026-04-12T01:25:29.490Z,120
330,13614c,started,2026-04-12T01:25:49.751Z,144
330,13614c,personal_info,2026-04-12T01:26:46.979Z,84
330,13614c,document_upload,2026-04-12T01:27:35.690Z,169
331,itin,visited,2026-04-12T01:25:29.490Z,61
332,itin,visited,2026-04-12T01:25:29.490Z,29
332,itin,started,2026-04-12T01:26:21.946Z,144
332,itin,personal_info,2026-04-12T01:27:05.158Z,131
332,itin,document_upload,2026-04-12T01:27:10.584Z,3
333,itin,visited,2026-04-12T01:25:29.490Z,93
333,itin,started,2026-04-12T01:26:20.210Z,142
333,itin,personal_info,2026-04-12T01:26:20.767Z,154
334,13614c,visited,2026-04-12T01:25:29.490Z,179
334,13614c,started,2026-04-12T01:26:09.912Z,47
334,13614c,personal_info,2026-04-12T01:26:20.104Z,15
334,13614c,document_upload,2026-04-12T01:27:17.676Z,79
335,itin,visited,2026-04-12T01:25:29.490Z,64
335,itin,started,2026-04-12T01:25:45.370Z,158
335,itin,personal_info,2026-04-12T01:26:37.584Z,53
335,itin,document_upload,2026-04-12T01:26:43.802Z,57
335,itin,review,2026-04-12T01:27:01.895Z,155
335,itin,completed,2026-04-12T01:27:47.640Z,161
336,13614c,visited,2026-04-12T01:25:29.490Z,120
336,13614c,started,2026-04-12T01:26:15.071Z,41
336,13614c,personal_info,2026-04-12T01:26:16.847Z,58
336,13614c,document_upload,2026-04-12T01:27:15.807Z,129
336,13614c,review,2026-04-12T01:28:13.390Z,96
336,13614c,completed,2026-04-12T01:28:21.161Z,79
337,13614c,visited,2026-04-12T01:25:29.490Z,138
337,13614c,started,2026-04-12T01:25:54.226Z,134
337,13614c,personal_info,2026-04-12T01:26:09.391Z,177
337,13614c,document_upload,2026-04-12T01:27:04.405Z,122
337,13614c,review,2026-04-12T01:27:20.376Z,154
338,itin,visited,2026-04-12T01:25:29.490Z,25
338,itin,started,2026-04-12T01:26:14.306Z,12
338,itin,personal_info,2026-04-12T01:26:40.002Z,106
338,itin,document_upload,2026-04-12T01:27:19.870Z,196
338,itin,review,2026-04-12T01:27:35.379Z,27
338,itin,completed,2026-04-12T01:28:02.885Z,150
339,itin,visited,2026-04-12T01:25:29.490Z,109
340,13614c,visited,2026-04-12T01:25:29.490Z,67
341,13614c,visited,2026-04-12T01:25:29.490Z,84
341,13614c,started,2026-04-12T01:25:30.525Z,136
341,13614c,personal_info,2026-04-12T01:25:46.853Z,47
341,13614c,document_upload,2026-04-12T01:26:42.853Z,97
341,13614c,review,2026-04-12T01:27:01.822Z,26
341,13614c,completed,2026-04-12T01:27:22.221Z,130
342,13614c,visited,2026-04-12T01:25:29.490Z,131
343,13614c,visited,2026-04-12T01:25:29.490Z,49
343,13614c,started,2026-04-12T01:25:52.404Z,53
343,13614c,personal_info,2026-04-12T01:26:01.031Z,29
343,13614c,document_upload,2026-04-12T01:26:30.570Z,159
344,13614c,visited,2026-04-12T01:25:29.490Z,42
344,13614c,started,2026-04-12T01:25:51.205Z,178
344,13614c,personal_info,2026-04-12T01:26:43.079Z,11
344,13614c,document_upload,2026-04-12T01:26:55.542Z,61
345,13614c,visited,2026-04-12T01:25:29.490Z,98
345,13614c,started,2026-04-12T01:26:27.754Z,147
345,13614c,personal_info,2026-04-12T01:26:52.209Z,190
346,13614c,visited,2026-04-12T01:25:29.490Z,122
346,13614c,started,2026-04-12T01:25:52.133Z,117
346,13614c,personal_info,2026-04-12T01:25:57.928Z,33
346,13614c,document_upload,2026-04-12T01:26:46.463Z,165
347,13614c,visited,2026-04-12T01:25:29.490Z,188
347,13614c,started,2026-04-12T01:26:09.249Z,199
348,itin,visited,2026-04-12T01:25:29.490Z,76
348,itin,started,2026-04-12T01:25:46.263Z,17
348,itin,personal_info,2026-04-12T01:26:33.614Z,178
349,13614c,visited,2026-04-12T01:25:29.490Z,3
349,13614c,started,2026-04-12T01:25:51.513Z,42
349,13614c,personal_info,2026-04-12T01:26:31.557Z,86
349,13614c,document_upload,2026-04-12T01:27:16.195Z,91
350,13614c,visited,2026-04-12T01:25:29.490Z,106
350,13614c,started,2026-04-12T01:26:11.255Z,91
350,13614c,personal_info,2026-04-12T01:27:05.820Z,183
350,13614c,document_upload,2026-04-12T01:27:44.331Z,6
350,13614c,review,2026-04-12T01:28:00.708Z,66
350,13614c,completed,2026-04-12T01:28:24.676Z,194
351,13614c,visited,2026-04-12T01:25:29.490Z,23
351,13614c,started,2026-04-12T01:26:05.643Z,77
351,13614c,personal_info,2026-04-12T01:26:33.097Z,5
351,13614c,document_upload,2026-04-12T01:27:21.530Z,84
351,13614c,review,2026-04-12T01:27:39.213Z,71
351,13614c,completed,2026-04-12T01:27:51.013Z,41
352,13614c,visited,2026-04-12T01:25:29.490Z,152
352,13614c,started,2026-04-12T01:25:48.855Z,7
352,13614c,personal_info,2026-04-12T01:26:20.619Z,59
352,13614c,document_upload,2026-04-12T01:27:13.910Z,198
353,13614c,visited,2026-04-12T01:25:29.490Z,172
353,13614c,started,2026-04-12T01:26:25.201Z,110
353,13614c,personal_info,2026-04-12T01:26:33.927Z,87
353,13614c,document_upload,2026-04-12T01:26:52.717Z,151
353,13614c,review,2026-04-12T01:27:12.656Z,182
354,13614c,visited,2026-04-12T01:25:29.490Z,115
354,13614c,started,2026-04-12T01:25:37.908Z,127
354,13614c,personal_info,2026-04-12T01:25:49.575Z,171
355,itin,visited,2026-04-12T01:25:29.490Z,46
355,itin,started,2026-04-12T01:25:35.969Z,21
355,itin,personal_info,2026-04-12T01:25:37.279Z,155
355,itin,document_upload,2026-04-12T01:26:10.005Z,82
355,itin,review,2026-04-12T01:26:59.396Z,192
356,13614c,visited,2026-04-12T01:25:29.490Z,165
357,13614c,visited,2026-04-12T01:25:29.490Z,139
357,13614c,started,2026-04-12T01:26:06.081Z,55
357,13614c,personal_info,2026-04-12T01:26:35.785Z,48
357,13614c,document_upload,2026-04-12T01:26:44.131Z,146
357,13614c,review,2026-04-12T01:27:07.497Z,58
358,13614c,visited,2026-04-12T01:25:29.490Z,190
358,13614c,started,2026-04-12T01:26:06.730Z,70
358,13614c,personal_info,2026-04-12T01:27:03.343Z,188
358,13614c,document_upload,2026-04-12T01:27:58.492Z,60
358,13614c,review,2026-04-12T01:28:47.004Z,135
358,13614c,completed,2026-04-12T01:28:57.176Z,24
359,itin,visited,2026-04-12T01:25:29.490Z,148
360,13614c,visited,2026-04-12T01:25:29.490Z,113
361,itin,visited,2026-04-12T01:25:29.490Z,79
361,itin,started,2026-04-12T01:25:53.373Z,191
361,itin,personal_info,2026-04-12T01:26:42.008Z,88
362,itin,visited,2026-04-12T01:25:29.490Z,116
362,itin,started,2026-04-12T01:26:17.352Z,89
362,itin,personal_info,2026-04-12T01:26:41.386Z,116
362,itin,document_upload,2026-04-12T01:26:52.639Z,142
362,itin,review,2026-04-12T01:27:04.600Z,173
362,itin,completed,2026-04-12T01:27:59.453Z,11
363,itin,visited,2026-04-12T01:25:29.490Z,55
364,13614c,visited,2026-04-12T01:25:29.490Z,20
364,13614c,started,2026-04-12T01:26:21.557Z,146
364,13614c,personal_info,2026-04-12T01:27:12.155Z,174
364,13614c,document_upload,2026-04-12T01:27:41.940Z,199
364,13614c,review,2026-04-12T01:27:54.845Z,81
364,13614c,completed,2026-04-12T01:28:01.931Z,169
365,itin,visited,2026-04-12T01:25:29.490Z,49
365,itin,started,2026-04-12T01:26:27.273Z,125
365,itin,personal_info,2026-04-12T01:26:35.720Z,120
365,itin,document_upload,2026-04-12T01:27:22.553Z,192
366,13614c,visited,2026-04-12T01:25:29.490Z,14
366,13614c,started,2026-04-12T01:25:32.826Z,170
366,13614c,personal_info,2026-04-12T01:25:34.108Z,109
367,itin,visited,2026-04-12T01:25:29.490Z,157
367,itin,started,2026-04-12T01:26:14.716Z,132
367,itin,personal_info,2026-04-12T01:26:18.927Z,169
367,itin,document_upload,2026-04-12T01:26:59.476Z,110
368,13614c,visited,2026-04-12T01:25:29.490Z,112
368,13614c,started,2026-04-12T01:25:40.466Z,193
368,13614c,personal_info,2026-04-12T01:26:20.086Z,40
369,13614c,visited,2026-04-12T01:25:29.490Z,92
369,13614c,started,2026-04-12T01:26:06.060Z,103
369,13614c,personal_info,2026-04-12T01:26:16.425Z,161
369,13614c,document_upload,2026-04-12T01:26:35.681Z,22
369,13614c,review,2026-04-12T01:26:51.674Z,70
369,13614c,completed,2026-04-12T01:27:33.493Z,85
370,13614c,visited,2026-04-12T01:25:29.490Z,7
371,itin,visited,2026-04-12T01:25:29.490Z,29
371,itin,started,2026-04-12T01:26:29.140Z,162
371,itin,personal_info,2026-04-12T01:27:20.358Z,182
371,itin,document_upload,2026-04-12T01:28:11.204Z,108
371,itin,review,2026-04-12T01:29:10.970Z,15
371,itin,completed,2026-04-12T01:29:14.569Z,92
372,itin,visited,2026-04-12T01:25:29.490Z,88
372,itin,started,2026-04-12T01:26:12.466Z,53
372,itin,personal_info,2026-04-12T01:26:31.089Z,158
372,itin,document_upload,2026-04-12T01:26:49.199Z,149
372,itin,review,2026-04-12T01:26:56.717Z,116
373,itin,visited,2026-04-12T01:25:29.490Z,49
373,itin,started,2026-04-12T01:25:40.719Z,126
373,itin,personal_info,2026-04-12T01:26:27.113Z,66
373,itin,document_upload,2026-04-12T01:26:49.465Z,176
374,13614c,visited,2026-04-12T01:25:29.490Z,199
374,13614c,started,2026-04-12T01:26:14.206Z,196
374,13614c,personal_info,2026-04-12T01:26:16.810Z,39
374,13614c,document_upload,2026-04-12T01:27:01.881Z,140
375,13614c,visited,2026-04-12T01:25:29.490Z,182
375,13614c,started,2026-04-12T01:25:43.343Z,46
375,13614c,personal_info,2026-04-12T01:26:08.624Z,172
376,13614c,visited,2026-04-12T01:25:29.490Z,145
376,13614c,started,2026-04-12T01:26:02.858Z,169
376,13614c,personal_info,2026-04-12T01:26:31.320Z,165
376,13614c,document_upload,2026-04-12T01:27:28.182Z,89
377,itin,visited,2026-04-12T01:25:29.490Z,186
377,itin,started,2026-04-12T01:25:43.282Z,76
378,13614c,visited,2026-04-12T01:25:29.490Z,145
378,13614c,started,2026-04-12T01:26:00.613Z,145
378,13614c,personal_info,2026-04-12T01:26:14.397Z,56
378,13614c,document_upload,2026-04-12T01:27:04.351Z,88
379,13614c,visited,2026-04-12T01:25:29.490Z,185
380,itin,visited,2026-04-12T01:25:29.490Z,119
380,itin,started,2026-04-12T01:26:04.673Z,159
380,itin,personal_info,2026-04-12T01:26:18.266Z,142
380,itin,document_upload,2026-04-12T01:26:56.812Z,107
380,itin,review,2026-04-12T01:27:13.368Z,97
381,13614c,visited,2026-04-12T01:25:29.490Z,197
381,13614c,started,2026-04-12T01:26:12.309Z,121
381,13614c,personal_info,2026-04-12T01:26:15.678Z,181
381,13614c,document_upload,2026-04-12T01:26:59.995Z,1
382,itin,visited,2026-04-12T01:25:29.490Z,49
382,itin,started,2026-04-12T01:26:04.463Z,144
382,itin,personal_info,2026-04-12T01:26:54.130Z,77
382,itin,document_upload,2026-04-12T01:27:08.019Z,115
383,13614c,visited,2026-04-12T01:25:29.490Z,135
383,13614c,started,2026-04-12T01:26:27.707Z,127
383,13614c,personal_info,2026-04-12T01:26:40.980Z,158
384,13614c,visited,2026-04-12T01:25:29.490Z,63
384,13614c,started,2026-04-12T01:26:04.975Z,184
384,13614c,personal_info,2026-04-12T01:26:25.714Z,37
384,13614c,document_upload,2026-04-12T01:26:42.257Z,149
384,13614c,review,2026-04-12T01:27:25.458Z,9
384,13614c,completed,2026-04-12T01:27:57.986Z,190
385,itin,visited,2026-04-12T01:25:29.490Z,40
386,itin,visited,2026-04-12T01:25:29.490Z,64
386,itin,started,2026-04-12T01:26:10.656Z,163
386,itin,personal_info,2026-04-12T01:26:39.891Z,76
386,itin,document_upload,2026-04-12T01:26:43.360Z,166
386,itin,review,2026-04-12T01:27:15.351Z,87
387,13614c,visited,2026-04-12T01:25:29.490Z,120
387,13614c,started,2026-04-12T01:25:54.964Z,135
387,13614c,personal_info,2026-04-12T01:26:11.779Z,102
388,itin,visited,2026-04-12T01:25:29.490Z,152
388,itin,started,2026-04-12T01:25:42.665Z,48
389,itin,visited,2026-04-12T01:25:29.490Z,85
389,itin,started,2026-04-12T01:25:39.551Z,175
389,itin,personal_info,2026-04-12T01:26:21.798Z,168
389,itin,document_upload,2026-04-12T01:26:23.239Z,148
389,itin,review,2026-04-12T01:27:11.266Z,114
389,itin,completed,2026-04-12T01:27:29.755Z,100
390,itin,visited,2026-04-12T01:25:29.490Z,54
390,itin,started,2026-04-12T01:25:33.607Z,96
390,itin,personal_info,2026-04-12T01:26:05.073Z,63
390,itin,document_upload,2026-04-12T01:26:19.726Z,126
390,itin,review,2026-04-12T01:26:58.057Z,91
391,13614c,visited,2026-04-12T01:25:29.490Z,195
391,13614c,started,2026-04-12T01:25:36.708Z,36
391,13614c,personal_info,2026-04-12T01:26:33.066Z,48
391,13614c,document_upload,2026-04-12T01:27:03.424Z,190
391,13614c,review,2026-04-12T01:27:33.944Z,155
391,13614c,completed,2026-04-12T01:27:47.762Z,88
392,itin,visited,2026-04-12T01:25:29.490Z,76
392,itin,started,2026-04-12T01:26:11.855Z,33
393,itin,visited,2026-04-12T01:25:29.490Z,117
393,itin,started,2026-04-12T01:26:26.140Z,101
394,13614c,visited,2026-04-12T01:25:29.490Z,162
394,13614c,started,2026-04-12T01:26:16.719Z,153
394,13614c,personal_info,2026-04-12T01:26:50.535Z,135
394,13614c,document_upload,2026-04-12T01:27:05.854Z,173
394,13614c,review,2026-04-12T01:27:38.562Z,127
395,13614c,visited,2026-04-12T01:25:29.490Z,26
395,13614c,started,2026-04-12T01:25:42.107Z,31
396,itin,visited,2026-04-12T01:25:29.490Z,25
396,itin,started,2026-04-12T01:26:00.758Z,172
396,itin,personal_info,2026-04-12T01:26:10.187Z,113
396,itin,document_upload,2026-04-12T01:26:30.189Z,122
397,itin,visited,2026-04-12T01:25:29.490Z,184
397,itin,started,2026-04-12T01:26:04.450Z,102
398,13614c,visited,2026-04-12T01:25:29.490Z,22
398,13614c,started,2026-04-12T01:26:24.847Z,116
399,itin,visited,2026-04-12T01:25:29.490Z,33
399,itin,started,2026-04-12T01:25:57.975Z,163
399,itin,personal_info,2026-04-12T01:26:53.560Z,171
399,itin,document_upload,2026-04-12T01:27:03.440Z,4
399,itin,review,2026-04-12T01:27:43.305Z,196
399,itin,completed,2026-04-12T01:27:57.819Z,160
400,itin,visited,2026-04-12T01:25:29.490Z,88
400,itin,started,2026-04-12T01:26:25.377Z,48
401,13614c,visited,2026-04-12T01:25:29.490Z,191
401,13614c,started,2026-04-12T01:25:42.830Z,125
401,13614c,personal_info,2026-04-12T01:26:36.317Z,35
402,13614c,visited,2026-04-12T01:25:29.490Z,86
402,13614c,started,2026-04-12T01:26:20.113Z,181
402,13614c,personal_info,2026-04-12T01:26:38.570Z,34
402,13614c,document_upload,2026-04-12T01:27:30.726Z,183
402,13614c,review,2026-04-12T01:27:32.639Z,144
402,13614c,completed,2026-04-12T01:27:38.191Z,171
403,13614c,visited,2026-04-12T01:25:29.490Z,102
403,13614c,started,2026-04-12T01:25:37.232Z,8
403,13614c,personal_info,2026-04-12T01:26:08.650Z,131
403,13614c,document_upload,2026-04-12T01:27:06.488Z,189
403,13614c,review,2026-04-12T01:27:32.477Z,60
404,itin,visited,2026-04-12T01:25:29.490Z,16
404,itin,started,2026-04-12T01:25:33.966Z,155
404,itin,personal_info,2026-04-12T01:26:15.184Z,126
404,itin,document_upload,2026-04-12T01:27:08.805Z,169
404,itin,review,2026-04-12T01:27:53.361Z,46
404,itin,completed,2026-04-12T01:28:49.938Z,25
405,itin,visited,2026-04-12T01:25:29.490Z,11
405,itin,started,2026-04-12T01:25:30.558Z,9
405,itin,personal_info,2026-04-12T01:26:05.526Z,13
406,13614c,visited,2026-04-12T01:25:29.490Z,144
407,13614c,visited,2026-04-12T01:25:29.490Z,127
408,13614c,visited,2026-04-12T01:25:29.490Z,92
408,13614c,started,2026-04-12T01:26:06.606Z,21
408,13614c,personal_info,2026-04-12T01:26:34.769Z,92
409,itin,visited,2026-04-12T01:25:29.490Z,8
409,itin,started,2026-04-12T01:26:23.755Z,107
410,13614c,visited,2026-04-12T01:25:29.490Z,88
410,13614c,started,2026-04-12T01:25:50.339Z,167
410,13614c,personal_info,2026-04-12T01:26:39.668Z,179
411,itin,visited,2026-04-12T01:25:29.490Z,142
411,itin,started,2026-04-12T01:26:09.087Z,186
412,13614c,visited,2026-04-12T01:25:29.490Z,115
413,itin,visited,2026-04-12T01:25:29.490Z,70
413,itin,started,2026-04-12T01:26:17.884Z,71
413,itin,personal_info,2026-04-12T01:26:51.845Z,102
413,itin,document_upload,2026-04-12T01:27:50.341Z,13
413,itin,review,2026-04-12T01:28:09.625Z,84
413,itin,completed,2026-04-12T01:28:19.054Z,99
414,itin,visited,2026-04-12T01:25:29.490Z,189
415,13614c,visited,2026-04-12T01:25:29.490Z,43
415,13614c,started,2026-04-12T01:26:04.976Z,140
415,13614c,personal_info,2026-04-12T01:26:09.258Z,30
415,13614c,document_upload,2026-04-12T01:26:18.166Z,148
416,itin,visited,2026-04-12T01:25:29.490Z,115
417,itin,visited,2026-04-12T01:25:29.490Z,100
417,itin,started,2026-04-12T01:25:34.247Z,68
417,itin,personal_info,2026-04-12T01:26:28.502Z,72
417,itin,document_upload,2026-04-12T01:26:52.982Z,100
417,itin,review,2026-04-12T01:27:01.577Z,57
417,itin,completed,2026-04-12T01:27:57.818Z,119
418,itin,visited,2026-04-12T01:25:29.490Z,159
419,itin,visited,2026-04-12T01:25:29.490Z,11
419,itin,started,2026-04-12T01:26:22.372Z,88
420,itin,visited,2026-04-12T01:25:29.490Z,34
420,itin,started,2026-04-12T01:25:45.233Z,141
420,itin,personal_info,2026-04-12T01:25:47.499Z,46
421,itin,visited,2026-04-12T01:25:29.490Z,20
421,itin,started,2026-04-12T01:26:18.356Z,15
421,itin,personal_info,2026-04-12T01:26:31.879Z,131
421,itin,document_upload,2026-04-12T01:26:43.533Z,26
421,itin,review,2026-04-12T01:27:42.423Z,179
422,13614c,visited,2026-04-12T01:25:29.490Z,127
422,13614c,started,2026-04-12T01:25:56.054Z,185
422,13614c,personal_info,2026-04-12T01:26:11.641Z,100
422,13614c,document_upload,2026-04-12T01:26:49.960Z,13
422,13614c,review,2026-04-12T01:27:35.040Z,140
422,13614c,completed,2026-04-12T01:28:13.007Z,72
423,13614c,visited,2026-04-12T01:25:29.490Z,175
423,13614c,started,2026-04-12T01:26:28.808Z,121
423,13614c,personal_info,2026-04-12T01:27:05.724Z,62
424,itin,visited,2026-04-12T01:25:29.490Z,86
424,itin,started,2026-04-12T01:26:27.614Z,168
424,itin,personal_info,2026-04-12T01:26:33.230Z,76
424,itin,document_upload,2026-04-12T01:27:30.117Z,9
425,itin,visited,2026-04-12T01:25:29.490Z,163
425,itin,started,2026-04-12T01:26:06.982Z,145
425,itin,personal_info,2026-04-12T01:26:23.971Z,195
425,itin,document_upload,2026-04-12T01:26:32.373Z,111
425,itin,review,2026-04-12T01:26:36.388Z,133
426,itin,visited,2026-04-12T01:25:29.490Z,55
426,itin,started,2026-04-12T01:26:14.228Z,175
427,13614c,visited,2026-04-12T01:25:29.490Z,128
428,itin,visited,2026-04-12T01:25:29.490Z,26
429,13614c,visited,2026-04-12T01:25:29.490Z,113
429,13614c,started,2026-04-12T01:26:22.299Z,84
429,13614c,personal_info,2026-04-12T01:26:51.596Z,6
429,13614c,document_upload,2026-04-12T01:27:14.095Z,174
429,13614c,review,2026-04-12T01:27:33.921Z,193
429,13614c,completed,2026-04-12T01:28:25.437Z,50
430,itin,visited,2026-04-12T01:25:29.490Z,13
430,itin,started,2026-04-12T01:25:52.170Z,72
430,itin,personal_info,2026-04-12T01:26:41.254Z,130
430,itin,document_upload,2026-04-12T01:27:12.840Z,96
430,itin,review,2026-04-12T01:27:22.191Z,1
431,13614c,visited,2026-04-12T01:25:29.490Z,9
431,13614c,started,2026-04-12T01:25:35.274Z,61
432,itin,visited,2026-04-12T01:25:29.490Z,199
432,itin,started,2026-04-12T01:25:43.934Z,4
432,itin,personal_info,2026-04-12T01:25:48.828Z,189
432,itin,document_upload,2026-04-12T01:25:51.326Z,148
432,itin,review,2026-04-12T01:26:14.056Z,68
432,itin,completed,2026-04-12T01:26:16.357Z,176
433,13614c,visited,2026-04-12T01:25:29.491Z,133
433,13614c,started,2026-04-12T01:26:00.970Z,53
433,13614c,personal_info,2026-04-12T01:26:14.332Z,117
433,13614c,document_upload,2026-04-12T01:26:54.631Z,142
433,13614c,review,2026-04-12T01:27:17.683Z,89
433,13614c,completed,2026-04-12T01:27:54.834Z,155
434,itin,visited,2026-04-12T01:25:29.491Z,132
434,itin,started,2026-04-12T01:26:09.586Z,67
434,itin,personal_info,2026-04-12T01:26:23.374Z,187
434,itin,document_upload,2026-04-12T01:26:36.758Z,158
435,13614c,visited,2026-04-12T01:25:29.491Z,32
435,13614c,started,2026-04-12T01:26:29.194Z,121
435,13614c,personal_info,2026-04-12T01:26:29.824Z,13
435,13614c,document_upload,2026-04-12T01:26:58.627Z,9
436,13614c,visited,2026-04-12T01:25:29.491Z,105
437,itin,visited,2026-04-12T01:25:29.491Z,129
438,itin,visited,2026-04-12T01:25:29.491Z,93
439,13614c,visited,2026-04-12T01:25:29.491Z,186
439,13614c,started,2026-04-12T01:26:09.893Z,73
440,itin,visited,2026-04-12T01:25:29.491Z,161
440,itin,started,2026-04-12T01:26:24.870Z,5
440,itin,personal_info,2026-04-12T01:27:22.848Z,93
440,itin,document_upload,2026-04-12T01:27:50.097Z,136
440,itin,review,2026-04-12T01:27:58.793Z,23
440,itin,completed,2026-04-12T01:28:48.139Z,156
441,13614c,visited,2026-04-12T01:25:29.491Z,118
441,13614c,started,2026-04-12T01:26:23.573Z,66
441,13614c,personal_info,2026-04-12T01:26:35.535Z,30
441,13614c,document_upload,2026-04-12T01:26:39.540Z,166
442,13614c,visited,2026-04-12T01:25:29.491Z,2
443,13614c,visited,2026-04-12T01:25:29.491Z,25
444,itin,visited,2026-04-12T01:25:29.491Z,165
444,itin,started,2026-04-12T01:25:45.182Z,141
444,itin,personal_info,2026-04-12T01:26:18.417Z,148
444,itin,document_upload,2026-04-12T01:26:48.854Z,135
444,itin,review,2026-04-12T01:26:52.647Z,173
445,13614c,visited,2026-04-12T01:25:29.491Z,42
446,itin,visited,2026-04-12T01:25:29.491Z,171
446,itin,started,2026-04-12T01:26:17.229Z,164
446,itin,personal_info,2026-04-12T01:26:40.318Z,153
446,itin,document_upload,2026-04-12T01:27:27.401Z,14
447,itin,visited,2026-04-12T01:25:29.491Z,154
447,itin,started,2026-04-12T01:25:33.331Z,163
447,itin,personal_info,2026-04-12T01:26:32.910Z,105
447,itin,document_upload,2026-04-12T01:27:10.765Z,76
448,itin,visited,2026-04-12T01:25:29.491Z,108
448,itin,started,2026-04-12T01:26:02.114Z,165
448,itin,personal_info,2026-04-12T01:26:39.903Z,153
448,itin,document_upload,2026-04-12T01:27:09.826Z,147
448,itin,review,2026-04-12T01:27:44.650Z,188
449,13614c,visited,2026-04-12T01:25:29.491Z,119
449,13614c,started,2026-04-12T01:25:54.262Z,23
449,13614c,personal_info,2026-04-12T01:26:44.075Z,151
450,itin,visited,2026-04-12T01:25:29.491Z,121
450,itin,started,2026-04-12T01:25:59.811Z,178
450,itin,personal_info,2026-04-12T01:26:54.476Z,64
450,itin,document_upload,2026-04-12T01:27:40.556Z,16
450,itin,review,2026-04-12T01:28:36.148Z,113
451,13614c,visited,2026-04-12T01:25:29.491Z,63
451,13614c,started,2026-04-12T01:26:00.585Z,129
451,13614c,personal_info,2026-04-12T01:26:13.465Z,32
451,13614c,document_upload,2026-04-12T01:26:57.478Z,106
452,itin,visited,2026-04-12T01:25:29.491Z,160
453,itin,visited,2026-04-12T01:25:29.491Z,105
453,itin,started,2026-04-12T01:25:31.107Z,188
453,itin,personal_info,2026-04-12T01:26:16.907Z,141
453,itin,document_upload,2026-04-12T01:26:24.090Z,99
453,itin,review,2026-04-12T01:26:50.033Z,9
453,itin,completed,2026-04-12T01:27:47.564Z,120
454,13614c,visited,2026-04-12T01:25:29.491Z,92
454,13614c,started,2026-04-12T01:26:21.275Z,170
454,13614c,personal_info,2026-04-12T01:26:27.243Z,2
455,itin,visited,2026-04-12T01:25:29.491Z,123
455,itin,started,2026-04-12T01:25:55.881Z,186
455,itin,personal_info,2026-04-12T01:26:17.734Z,113
455,itin,document_upload,2026-04-12T01:27:12.574Z,28
455,itin,review,2026-04-12T01:27:34.138Z,89
455,itin,completed,2026-04-12T01:27:50.089Z,72
456,itin,visited,2026-04-12T01:25:29.491Z,173
456,itin,started,2026-04-12T01:25:35.881Z,13
456,itin,personal_info,2026-04-12T01:25:56.933Z,25
456,itin,document_upload,2026-04-12T01:26:56.094Z,38
456,itin,review,2026-04-12T01:27:19.950Z,104
457,13614c,visited,2026-04-12T01:25:29.491Z,64
457,13614c,started,2026-04-12T01:26:20.043Z,59
457,13614c,personal_info,2026-04-12T01:27:01.589Z,41
458,13614c,visited,2026-04-12T01:25:29.491Z,188
458,13614c,started,2026-04-12T01:26:18.691Z,26
458,13614c,personal_info,2026-04-12T01:26:57.701Z,1
459,itin,visited,2026-04-12T01:25:29.491Z,63
459,itin,started,2026-04-12T01:25:58.038Z,181
459,itin,personal_info,2026-04-12T01:26:05.271Z,14
459,itin,document_upload,2026-04-12T01:26:08.700Z,122
460,itin,visited,2026-04-12T01:25:29.491Z,180
460,itin,started,2026-04-12T01:25:47.707Z,63
460,itin,personal_info,2026-04-12T01:26:15.581Z,121
461,itin,visited,2026-04-12T01:25:29.491Z,156
461,itin,started,2026-04-12T01:26:12.158Z,160
461,itin,personal_info,2026-04-12T01:26:27.799Z,96
461,itin,document_upload,2026-04-12T01:27:27.357Z,48
462,13614c,visited,2026-04-12T01:25:29.491Z,86
462,13614c,started,2026-04-12T01:26:20.760Z,137
462,13614c,personal_info,2026-04-12T01:27:13.052Z,112
462,13614c,document_upload,2026-04-12T01:27:16.112Z,172
463,itin,visited,2026-04-12T01:25:29.491Z,173
464,13614c,visited,2026-04-12T01:25:29.491Z,139
464,13614c,started,2026-04-12T01:25:31.767Z,127
464,13614c,personal_info,2026-04-12T01:26:00.718Z,148
465,13614c,visited,2026-04-12T01:25:29.491Z,23
465,13614c,started,2026-04-12T01:25:47.147Z,188
465,13614c,personal_info,2026-04-12T01:26:31.544Z,89
465,13614c,document_upload,2026-04-12T01:26:53.401Z,151
465,13614c,review,2026-04-12T01:27:01.758Z,189
466,13614c,visited,2026-04-12T01:25:29.491Z,180
466,13614c,started,2026-04-12T01:26:13.515Z,94
467,13614c,visited,2026-04-12T01:25:29.491Z,33
467,13614c,started,2026-04-12T01:26:03.739Z,137
467,13614c,personal_info,2026-04-12T01:26:06.687Z,119
467,13614c,document_upload,2026-04-12T01:26:08.287Z,39
467,13614c,review,2026-04-12T01:26:23.138Z,75
468,itin,visited,2026-04-12T01:25:29.491Z,74
468,itin,started,2026-04-12T01:25:53.557Z,179
468,itin,personal_info,2026-04-12T01:26:40.348Z,72
469,itin,visited,2026-04-12T01:25:29.491Z,140
469,itin,started,2026-04-12T01:25:35.046Z,164
470,13614c,visited,2026-04-12T01:25:29.491Z,74
470,13614c,started,2026-04-12T01:26:15.201Z,147
470,13614c,personal_info,2026-04-12T01:26:33.252Z,111
471,13614c,visited,2026-04-12T01:25:29.491Z,169
471,13614c,started,2026-04-12T01:25:35.397Z,114
471,13614c,personal_info,2026-04-12T01:25:44.609Z,22
471,13614c,document_upload,2026-04-12T01:26:06.690Z,61
471,13614c,review,2026-04-12T01:26:30.603Z,113
471,13614c,completed,2026-04-12T01:27:22.451Z,175
472,itin,visited,2026-04-12T01:25:29.491Z,16
472,itin,started,2026-04-12T01:26:19.456Z,178
472,itin,personal_info,2026-04-12T01:27:18.572Z,112
472,itin,document_upload,2026-04-12T01:27:35.393Z,136
473,itin,visited,2026-04-12T01:25:29.491Z,6
473,itin,started,2026-04-12T01:25:43.216Z,168
473,itin,personal_info,2026-04-12T01:26:28.846Z,158
473,itin,document_upload,2026-04-12T01:27:26.258Z,77
474,itin,visited,2026-04-12T01:25:29.491Z,187
474,itin,started,2026-04-12T01:26:00.720Z,159
474,itin,personal_info,2026-04-12T01:26:23.720Z,198
474,itin,document_upload,2026-04-12T01:27:10.853Z,123
475,itin,visited,2026-04-12T01:25:29.491Z,190
475,itin,started,2026-04-12T01:26:03.857Z,197
475,itin,personal_info,2026-04-12T01:26:36.503Z,62
475,itin,document_upload,2026-04-12T01:26:56.884Z,69
475,itin,review,2026-04-12T01:27:10.072Z,54
476,13614c,visited,2026-04-12T01:25:29.491Z,114
476,13614c,started,2026-04-12T01:25:57.932Z,170
476,13614c,personal_info,2026-04-12T01:26:57.798Z,168
476,13614c,document_upload,2026-04-12T01:27:55.821Z,195
476,13614c,review,2026-04-12T01:28:33.332Z,83
476,13614c,completed,2026-04-12T01:29:09.272Z,128
477,13614c,visited,2026-04-12T01:25:29.491Z,129
477,13614c,started,2026-04-12T01:26:25.677Z,0
477,13614c,personal_info,2026-04-12T01:26:35.891Z,182
477,13614c,document_upload,2026-04-12T01:26:48.865Z,73
477,13614c,review,2026-04-12T01:27:09.367Z,29
477,13614c,completed,2026-04-12T01:27:32.544Z,89
478,13614c,visited,2026-04-12T01:25:29.491Z,115
478,13614c,started,2026-04-12T01:25:52.824Z,181
478,13614c,personal_info,2026-04-12T01:26:24.881Z,112
478,13614c,document_upload,2026-04-12T01:27:15.034Z,169
478,13614c,review,2026-04-12T01:27:57.783Z,184
479,13614c,visited,2026-04-12T01:25:29.491Z,156
479,13614c,started,2026-04-12T01:25:50.550Z,20
480,13614c,visited,2026-04-12T01:25:29.491Z,171
480,13614c,started,2026-04-12T01:26:28.498Z,197
480,13614c,personal_info,2026-04-12T01:27:28.161Z,188
480,13614c,document_upload,2026-04-12T01:28:13.617Z,136
481,itin,visited,2026-04-12T01:25:29.491Z,29
482,13614c,visited,2026-04-12T01:25:29.491Z,85
482,13614c,started,2026-04-12T01:25:54.135Z,4
482,13614c,personal_info,2026-04-12T01:25:58.441Z,117
483,13614c,visited,2026-04-12T01:25:29.491Z,186
483,13614c,started,2026-04-12T01:25:40.287Z,40
483,13614c,personal_info,2026-04-12T01:26:06.251Z,93
483,13614c,document_upload,2026-04-12T01:26:32.920Z,18
483,13614c,review,2026-04-12T01:27:32.541Z,11
484,13614c,visited,2026-04-12T01:25:29.491Z,181
484,13614c,started,2026-04-12T01:25:55.188Z,6
485,13614c,visited,2026-04-12T01:25:29.491Z,84
486,13614c,visited,2026-04-12T01:25:29.491Z,49
486,13614c,started,2026-04-12T01:25:36.529Z,189
486,13614c,personal_info,2026-04-12T01:26:17.320Z,143
486,13614c,document_upload,2026-04-12T01:27:04.840Z,167
486,13614c,review,2026-04-12T01:28:00.456Z,196
486,13614c,completed,2026-04-12T01:28:02.740Z,130
487,13614c,visited,2026-04-12T01:25:29.491Z,177
487,13614c,started,2026-04-12T01:26:09.062Z,172
487,13614c,personal_info,2026-04-12T01:26:42.893Z,35
487,13614c,document_upload,2026-04-12T01:27:30.265Z,198
487,13614c,review,2026-04-12T01:27:35.672Z,112
487,13614c,completed,2026-04-12T01:27:52.117Z,101
488,13614c,visited,2026-04-12T01:25:29.491Z,0
488,13614c,started,2026-04-12T01:26:23.243Z,80
489,13614c,visited,2026-04-12T01:25:29.491Z,112
489,13614c,started,2026-04-12T01:26:22.860Z,62
490,13614c,visited,2026-04-12T01:25:29.491Z,39
490,13614c,started,2026-04-12T01:26:22.852Z,67
490,13614c,personal_info,2026-04-12T01:27:11.542Z,102
490,13614c,document_upload,2026-04-12T01:27:50.851Z,174
491,13614c,visited,2026-04-12T01:25:29.491Z,55
491,13614c,started,2026-04-12T01:25:59.464Z,20
491,13614c,personal_info,2026-04-12T01:26:23.539Z,198
491,13614c,document_upload,2026-04-12T01:27:14.848Z,49
492,13614c,visited,2026-04-12T01:25:29.491Z,141
492,13614c,started,2026-04-12T01:25:30.566Z,178
492,13614c,personal_info,2026-04-12T01:25:32.078Z,104
492,13614c,document_upload,2026-04-12T01:25:46.183Z,28
492,13614c,review,2026-04-12T01:26:15.766Z,63
492,13614c,completed,2026-04-12T01:26:42.792Z,75
493,itin,visited,2026-04-12T01:25:29.491Z,161
494,itin,visited,2026-04-12T01:25:29.491Z,60
495,13614c,visited,2026-04-12T01:25:29.491Z,140
495,13614c,started,2026-04-12T01:26:09.493Z,148
495,13614c,personal_info,2026-04-12T01:26:30.053Z,129
495,13614c,document_upload,2026-04-12T01:26:45.367Z,167
495,13614c,review,2026-04-12T01:27:36.313Z,129
496,13614c,visited,2026-04-12T01:25:29.491Z,50
496,13614c,started,2026-04-12T01:25:52.433Z,16
496,13614c,personal_info,2026-04-12T01:26:21.687Z,147
496,13614c,document_upload,2026-04-12T01:26:37.148Z,50
497,13614c,visited,2026-04-12T01:25:29.491Z,6
497,13614c,started,2026-04-12T01:26:21.391Z,105
497,13614c,personal_info,2026-04-12T01:27:04.736Z,91
497,13614c,document_upload,2026-04-12T01:28:03.162Z,182
497,13614c,review,2026-04-12T01:28:36.361Z,191
497,13614c,completed,2026-04-12T01:29:25.083Z,69
498,13614c,visited,2026-04-12T01:25:29.491Z,57
498,13614c,started,2026-04-12T01:26:13.894Z,128
498,13614c,personal_info,2026-04-12T01:26:51.021Z,133
498,13614c,document_upload,2026-04-12T01:27:37.958Z,182
499,13614c,visited,2026-04-12T01:25:29.491Z,57
499,13614c,started,2026-04-12T01:26:24.359Z,117
499,13614c,personal_info,2026-04-12T01:26:35.700Z,183
499,13614c,document_upload,2026-04-12T01:27:05.127Z,141
499,13614c,review,2026-04-12T01:27:32.804Z,55
500,13614c,visited,2026-04-12T01:25:29.491Z,115
500,13614c,started,2026-04-12T01:26:21.811Z,28
500,13614c,personal_info,2026-04-12T01:26:30.174Z,149
500,13614c,document_upload,2026-04-12T01:26:40.671Z,189